Reference,Item number,Type,Word,CHILDES Count,CHILDES Total Count,CHILDES Frequency per 1000 words
Apel et al. (2012),1,Input,farm,446,3826525,0.1165548376
Apel et al. (2012),1,Target,farmer,203,3826525,0.05305074447
Apel et al. (2012),2,Input,ill,18,3826525,0.004704006899
Apel et al. (2012),2,Target,illness,3,3826525,0.0007840011499
Apel et al. (2012),3,Input,quick,275,3826525,0.07186677207
Apel et al. (2012),3,Target,quickly,137,3826525,0.03580271918
Apel et al. (2012),4,Input,nerve,4,3826525,0.001045334866
Apel et al. (2012),4,Target,nervous,41,3826525,0.01071468238
Apel et al. (2012),5,Input,five,1965,3826525,0.5135207532
Apel et al. (2012),5,Target,fifth,60,3826525,0.015680023
Apel et al. (2012),6,Input,swim,351,3826525,0.09172813453
Apel et al. (2012),6,Target,swimming,575,3826525,0.1502668871
Apel et al. (2012),7,Input,victory,2,3826525,0.0005226674332
Apel et al. (2012),7,Target,victorious,0,3826525,0
Apel et al. (2012),8,Input,music,507,3826525,0.1324961943
Apel et al. (2012),8,Target,musician,5,3826525,0.001306668583
Apel et al. (2012),9,Input,accept,5,3826525,0.001306668583
Apel et al. (2012),9,Target,acceptable,2,3826525,0.0005226674332
Apel et al. (2012),10,Input,begin,58,3826525,0.01515735556
Apel et al. (2012),10,Target,beginning,149,3826525,0.03893872378
Apel et al. (2012),11,Input,long,1937,3826525,0.5062034091
Apel et al. (2012),11,Target,length,10,3826525,0.002613337166
Apel et al. (2012),12,Input,friend,863,3826525,0.2255309974
Apel et al. (2012),12,Target,friendly,61,3826525,0.01594135671
Apel et al. (2012),13,Input,warm,476,3826525,0.1243948491
Apel et al. (2012),13,Target,warmth,3,3826525,0.0007840011499
Apel et al. (2012),14,Input,teach,162,3826525,0.04233606209
Apel et al. (2012),14,Target,teacher,418,3826525,0.1092374935
Apel et al. (2012),15,Input,permit,0,3826525,0
Apel et al. (2012),15,Target,permission,8,3826525,0.002090669733
Apel et al. (2012),16,Input,appear,11,3826525,0.002874670883
Apel et al. (2012),16,Target,appearance,1,3826525,0.0002613337166
Apel et al. (2012),17,Input,remark,0,3826525,0
Apel et al. (2012),17,Target,remarkable,3,3826525,0.0007840011499
Apel et al. (2012),18,Input,protect,54,3826525,0.0141120207
Apel et al. (2012),18,Target,protection,1,3826525,0.0002613337166
Apel et al. (2012),19,Input,revise,0,3826525,0
Apel et al. (2012),19,Target,revision,0,3826525,0
Apel et al. (2012),20,Input,deep,131,3826525,0.03423471688
Apel et al. (2012),20,Target,depth,0,3826525,0
Apel et al. (2012),21,Input,active,5,3826525,0.001306668583
Apel et al. (2012),21,Target,activity,13,3826525,0.003397338316
Apel et al. (2012),22,Input,wash,920,3826525,0.2404270193
Apel et al. (2012),22,Target,washer,12,3826525,0.003136004599
Carlisle (2000),25,Input,warm,476,3826525,0.1243948491
Carlisle (2000),25,Target,warmth,3,3826525,0.0007840011499
Carlisle (2000),26,Input,teach,162,3826525,0.04233606209
Carlisle (2000),26,Target,teacher,418,3826525,0.1092374935
Carlisle (2000),27,Input,permit,0,3826525,0
Carlisle (2000),27,Target,permission,8,3826525,0.002090669733
Carlisle (2000),28,Input,profit,1,3826525,0.0002613337166
Carlisle (2000),28,Target,profitable,0,3826525,0
Carlisle (2000),29,Input,appear,11,3826525,0.002874670883
Carlisle (2000),29,Target,appearance,1,3826525,0.0002613337166
Carlisle (2000),30,Input,express,28,3826525,0.007317344065
Carlisle (2000),30,Target,expression,14,3826525,0.003658672033
Carlisle (2000),31,Input,four,1855,3826525,0.4847740443
Carlisle (2000),31,Target,fourth,64,3826525,0.01672535786
Carlisle (2000),32,Input,remark,0,3826525,0
Carlisle (2000),32,Target,remarkable,3,3826525,0.0007840011499
Carlisle (2000),33,Input,protect,54,3826525,0.0141120207
Carlisle (2000),33,Target,protection,1,3826525,0.0002613337166
Carlisle (2000),34,Input,perform,11,3826525,0.002874670883
Carlisle (2000),34,Target,performance,9,3826525,0.00235200345
Carlisle (2000),35,Input,expand,0,3826525,0
Carlisle (2000),35,Target,expansion,0,3826525,0
Carlisle (2000),36,Input,revise,0,3826525,0
Carlisle (2000),36,Target,revision,0,3826525,0
Carlisle (2000),37,Input,reason,207,3826525,0.05409607934
Carlisle (2000),37,Target,reasonable,8,3826525,0.002090669733
Carlisle (2000),38,Input,major,0,3826525,0
Carlisle (2000),38,Target,majority,1,3826525,0.0002613337166
Carlisle (2000),39,Input,deep,131,3826525,0.03423471688
Carlisle (2000),39,Target,depth,0,3826525,0
Carlisle (2000),40,Input,equal,4,3826525,0.001045334866
Carlisle (2000),40,Target,equality,0,3826525,0
Carlisle (2000),41,Input,long,1937,3826525,0.5062034091
Carlisle (2000),41,Target,length,10,3826525,0.002613337166
Carlisle (2000),42,Input,adventure,20,3826525,0.005226674332
Carlisle (2000),42,Target,adventurous,1,3826525,0.0002613337166
Carlisle (2000),43,Input,absorb,2,3826525,0.0005226674332
Carlisle (2000),43,Target,absorption,0,3826525,0
Carlisle (2000),44,Input,active,5,3826525,0.001306668583
Carlisle (2000),44,Target,activity,13,3826525,0.003397338316
Carlisle (2000),45,Input,swim,351,3826525,0.09172813453
Carlisle (2000),45,Target,swimmer,14,3826525,0.003658672033
Carlisle (2000),46,Input,human,42,3826525,0.0109760161
Carlisle (2000),46,Target,humanity,0,3826525,0
Carlisle (2000),47,Input,wash,920,3826525,0.2404270193
Carlisle (2000),47,Target,washer,12,3826525,0.003136004599
Carlisle (2000),48,Input,humor,5,3826525,0.001306668583
Carlisle (2000),48,Target,humorous,2,3826525,0.0005226674332
Carlisle (2000),49,Input,assist,0,3826525,0
Carlisle (2000),49,Target,assistance,1,3826525,0.0002613337166
Carlisle (2000),50,Input,mystery,16,3826525,0.004181339466
Carlisle (2000),50,Target,mysterious,10,3826525,0.002613337166
Carlisle (2000),51,Input,produce,4,3826525,0.001045334866
Carlisle (2000),51,Target,production,3,3826525,0.0007840011499
Carlisle (2000),52,Input,glory,12,3826525,0.003136004599
Carlisle (2000),52,Target,glorious,4,3826525,0.001045334866
Carlisle (2000),53,Input,driver,206,3826525,0.05383474562
Carlisle (2000),53,Target,drive,477,3826525,0.1246561828
Carlisle (2000),54,Input,improvement,3,3826525,0.0007840011499
Carlisle (2000),54,Target,improve,0,3826525,0
Carlisle (2000),55,Input,growth,3,3826525,0.0007840011499
Carlisle (2000),55,Target,grow,331,3826525,0.0865014602
Carlisle (2000),56,Input,dryer,50,3826525,0.01306668583
Carlisle (2000),56,Target,dry,446,3826525,0.1165548376
Carlisle (2000),57,Input,variable,0,3826525,0
Carlisle (2000),57,Target,vary,0,3826525,0
Carlisle (2000),58,Input,width,0,3826525,0
Carlisle (2000),58,Target,wide,175,3826525,0.04573340041
Carlisle (2000),59,Input,density,0,3826525,0
Carlisle (2000),59,Target,dense,4,3826525,0.001045334866
Carlisle (2000),60,Input,discussion,13,3826525,0.003397338316
Carlisle (2000),60,Target,discuss,12,3826525,0.003136004599
Carlisle (2000),61,Input,famous,16,3826525,0.004181339466
Carlisle (2000),61,Target,fame,6,3826525,0.0015680023
Carlisle (2000),62,Input,description,2,3826525,0.0005226674332
Carlisle (2000),62,Target,describe,21,3826525,0.005488008049
Carlisle (2000),63,Input,fifth,60,3826525,0.015680023
Carlisle (2000),63,Target,five,1965,3826525,0.5135207532
Carlisle (2000),64,Input,election,7,3826525,0.001829336016
Carlisle (2000),64,Target,elect,1,3826525,0.0002613337166
Carlisle (2000),65,Input,strength,11,3826525,0.002874670883
Carlisle (2000),65,Target,strong,259,3826525,0.06768543261
Carlisle (2000),66,Input,decision,20,3826525,0.005226674332
Carlisle (2000),66,Target,decide,130,3826525,0.03397338316
Carlisle (2000),67,Input,popularity,0,3826525,0
Carlisle (2000),67,Target,popular,9,3826525,0.00235200345
Carlisle (2000),68,Input,runner,10,3826525,0.002613337166
Carlisle (2000),68,Target,run,855,3826525,0.2234403277
Carlisle (2000),69,Input,publicity,0,3826525,0
Carlisle (2000),69,Target,public,26,3826525,0.006794676632
Carlisle (2000),70,Input,difference,116,3826525,0.03031471113
Carlisle (2000),70,Target,differ,1,3826525,0.0002613337166
Carlisle (2000),71,Input,originality,0,3826525,0
Carlisle (2000),71,Target,original,18,3826525,0.004704006899
Carlisle (2000),72,Input,agreeable,4,3826525,0.001045334866
Carlisle (2000),72,Target,agree,33,3826525,0.008624012649
Carlisle (2000),73,Input,courageous,0,3826525,0
Carlisle (2000),73,Target,courage,2,3826525,0.0005226674332
Carlisle (2000),74,Input,admission,3,3826525,0.0007840011499
Carlisle (2000),74,Target,admit,15,3826525,0.003920005749
Carlisle (2000),75,Input,dangerous,139,3826525,0.03632538661
Carlisle (2000),75,Target,danger,51,3826525,0.01332801955
Carlisle (2000),76,Input,reduction,6,3826525,0.0015680023
Carlisle (2000),76,Target,reduce,2,3826525,0.0005226674332
Carlisle (2000),77,Input,baker,27,3826525,0.007056010349
Carlisle (2000),77,Target,bake,86,3826525,0.02247469963
Carlisle (2000),78,Input,division,2,3826525,0.0005226674332
Carlisle (2000),78,Target,divide,4,3826525,0.001045334866
Carlisle (2000),79,Input,guidance,0,3826525,0
Carlisle (2000),79,Target,guide,12,3826525,0.003136004599
Carlisle (2000),80,Input,continuous,2,3826525,0.0005226674332
Carlisle (2000),80,Target,continue,21,3826525,0.005488008049
Carlisle (2000),81,Input,reliable,0,3826525,0
Carlisle (2000),81,Target,rely,2,3826525,0.0005226674332
Carlisle (2000),82,Input,acceptance,0,3826525,0
Carlisle (2000),82,Target,accept,5,3826525,0.001306668583
Kieffer & Lesaux (2008),85,Input,growth,3,3826525,0.0007840011499
Kieffer & Lesaux (2008),85,Target,grow,331,3826525,0.0865014602
Kieffer & Lesaux (2008),86,Input,dryer,50,3826525,0.01306668583
Kieffer & Lesaux (2008),86,Target,dry,446,3826525,0.1165548376
Kieffer & Lesaux (2008),87,Input,width,0,3826525,0
Kieffer & Lesaux (2008),87,Target,wide,175,3826525,0.04573340041
Kieffer & Lesaux (2008),88,Input,density,0,3826525,0
Kieffer & Lesaux (2008),88,Target,dense,4,3826525,0.001045334866
Kieffer & Lesaux (2008),89,Input,discussion,13,3826525,0.003397338316
Kieffer & Lesaux (2008),89,Target,discuss,12,3826525,0.003136004599
Kieffer & Lesaux (2008),90,Input,famous,16,3826525,0.004181339466
Kieffer & Lesaux (2008),90,Target,fame,6,3826525,0.0015680023
Kieffer & Lesaux (2008),91,Input,fifth,60,3826525,0.015680023
Kieffer & Lesaux (2008),91,Target,five,1965,3826525,0.5135207532
Kieffer & Lesaux (2008),92,Input,strength,11,3826525,0.002874670883
Kieffer & Lesaux (2008),92,Target,strong,259,3826525,0.06768543261
Kieffer & Lesaux (2008),93,Input,decision,20,3826525,0.005226674332
Kieffer & Lesaux (2008),93,Target,decide,130,3826525,0.03397338316
Kieffer & Lesaux (2008),94,Input,popularity,0,3826525,0
Kieffer & Lesaux (2008),94,Target,popular,9,3826525,0.00235200345
Kieffer & Lesaux (2008),95,Input,runner,10,3826525,0.002613337166
Kieffer & Lesaux (2008),95,Target,run,855,3826525,0.2234403277
Kieffer & Lesaux (2008),96,Input,availability,1,3826525,0.0002613337166
Kieffer & Lesaux (2008),96,Target,available,15,3826525,0.003920005749
Kieffer & Lesaux (2008),97,Input,glorious,4,3826525,0.001045334866
Kieffer & Lesaux (2008),97,Target,glory,12,3826525,0.003136004599
Kieffer & Lesaux (2008),98,Input,originality,0,3826525,0
Kieffer & Lesaux (2008),98,Target,original,18,3826525,0.004704006899
Kieffer & Lesaux (2008),99,Input,courageous,0,3826525,0
Kieffer & Lesaux (2008),99,Target,courage,2,3826525,0.0005226674332
Kieffer & Lesaux (2008),100,Input,admission,3,3826525,0.0007840011499
Kieffer & Lesaux (2008),100,Target,admit,15,3826525,0.003920005749
Kieffer & Lesaux (2008),101,Input,baker,27,3826525,0.007056010349
Kieffer & Lesaux (2008),101,Target,bake,86,3826525,0.02247469963
Kieffer & Lesaux (2008),102,Input,division,2,3826525,0.0005226674332
Kieffer & Lesaux (2008),102,Target,divide,4,3826525,0.001045334866
Kieffer & Lesaux (2008),103,Input,fourth,64,3826525,0.01672535786
Kieffer & Lesaux (2008),103,Target,four,1855,3826525,0.4847740443
Kieffer & Lesaux (2008),104,Input,continuous,2,3826525,0.0005226674332
Kieffer & Lesaux (2008),104,Target,continue,21,3826525,0.005488008049
Kieffer & Lesaux (2008),105,Input,swimmer,14,3826525,0.003658672033
Kieffer & Lesaux (2008),105,Target,swim,351,3826525,0.09172813453
Kieffer & Lesaux (2008),106,Input,furious,4,3826525,0.001045334866
Kieffer & Lesaux (2008),106,Target,fury,7,3826525,0.001829336016
Kieffer & Lesaux (2008),107,Input,teacher,418,3826525,0.1092374935
Kieffer & Lesaux (2008),107,Target,teach,162,3826525,0.04233606209
Kieffer & Lesaux (2008),108,Input,activity,13,3826525,0.003397338316
Kieffer & Lesaux (2008),108,Target,active,5,3826525,0.001306668583
Kieffer & Lesaux (2008),109,Input,possession,0,3826525,0
Kieffer & Lesaux (2008),109,Target,possess,0,3826525,0
Kruk & Bergman (2013),110,Input,needed,90,3826525,0.0235200345
Kruk & Bergman (2013),110,Target,need,4434,3826525,1.1587537
Kruk & Bergman (2013),111,Input,owner,24,3826525,0.006272009199
Kruk & Bergman (2013),111,Target,own,557,3826525,0.1455628802
Kruk & Bergman (2013),112,Input,decision,20,3826525,0.005226674332
Kruk & Bergman (2013),112,Target,decide,130,3826525,0.03397338316
Kruk & Bergman (2013),113,Input,flowers,642,3826525,0.1677762461
Kruk & Bergman (2013),113,Target,flower,518,3826525,0.1353708652
Kruk & Bergman (2013),114,Input,cutting,162,3826525,0.04233606209
Kruk & Bergman (2013),114,Target,cut,1184,3826525,0.3094191205
Kruk & Bergman (2013),115,Input,running,442,3826525,0.1155095027
Kruk & Bergman (2013),115,Target,run,855,3826525,0.2234403277
Kruk & Bergman (2013),116,Input,walked,167,3826525,0.04364273068
Kruk & Bergman (2013),116,Target,walk,1020,3826525,0.266560391
Kruk & Bergman (2013),117,Input,friends,629,3826525,0.1643789078
Kruk & Bergman (2013),117,Target,friend,863,3826525,0.2255309974
Kruk & Bergman (2013),118,Input,wanted,940,3826525,0.2456536936
Kruk & Bergman (2013),118,Target,want,14301,3826525,3.737333481
Kruk & Bergman (2013),119,Input,glasses,356,3826525,0.09303480312
Kruk & Bergman (2013),119,Target,glass,358,3826525,0.09355747055
Kruk & Bergman (2013),120,Input,popularity,0,3826525,0
Kruk & Bergman (2013),120,Target,popular,9,3826525,0.00235200345
Kruk & Bergman (2013),121,Input,dirty,910,3826525,0.2378136821
Kruk & Bergman (2013),121,Target,dirt,265,3826525,0.06925343491
Kruk & Bergman (2013),122,Input,reader,15,3826525,0.003920005749
Kruk & Bergman (2013),122,Target,read,3326,3826525,0.8691959415
Kruk & Bergman (2013),123,Input,babies,584,3826525,0.1526188905
Kruk & Bergman (2013),123,Target,baby,5735,3826525,1.498748865
Kruk & Bergman (2013),124,Input,books,1051,3826525,0.2746617362
Kruk & Bergman (2013),124,Target,book,4762,3826525,1.244471159
Kruk & Bergman (2013),125,Input,acceptance,0,3826525,0
Kruk & Bergman (2013),125,Target,accept,5,3826525,0.001306668583
Kruk & Bergman (2013),126,Input,growth,3,3826525,0.0007840011499
Kruk & Bergman (2013),126,Target,grow,331,3826525,0.0865014602
Kruk & Bergman (2013),127,Input,dryer,50,3826525,0.01306668583
Kruk & Bergman (2013),127,Target,dry,446,3826525,0.1165548376
Kruk & Bergman (2013),128,Input,density,0,3826525,0
Kruk & Bergman (2013),128,Target,dense,4,3826525,0.001045334866
Kruk & Bergman (2013),129,Input,agreement,3,3826525,0.0007840011499
Kruk & Bergman (2013),129,Target,agree,33,3826525,0.008624012649
Kruk & Bergman (2013),130,Input,believe,368,3826525,0.09617080772
Kruk & Bergman (2013),130,Target,belief,1,3826525,0.0002613337166
Kruk & Bergman (2013),131,Input,carried,60,3826525,0.015680023
Kruk & Bergman (2013),131,Target,carry,371,3826525,0.09695480887
Kruk & Bergman (2013),132,Input,strength,11,3826525,0.002874670883
Kruk & Bergman (2013),132,Target,strong,259,3826525,0.06768543261
Kruk & Bergman (2013),133,Input,fifth,60,3826525,0.015680023
Kruk & Bergman (2013),133,Target,five,1965,3826525,0.5135207532
Kruk & Bergman (2013),134,Input,leaves,255,3826525,0.06664009774
Kruk & Bergman (2013),134,Target,leaf,135,3826525,0.03528005174
Kruk & Bergman (2013),135,Input,discussion,13,3826525,0.003397338316
Kruk & Bergman (2013),135,Target,discuss,12,3826525,0.003136004599
Kruk & Bergman (2013),136,Input,description,2,3826525,0.0005226674332
Kruk & Bergman (2013),136,Target,describe,21,3826525,0.005488008049
Kruk & Bergman (2013),137,Input,enter,13,3826525,0.003397338316
Kruk & Bergman (2013),137,Target,entered,5,3826525,0.001306668583
Kruk & Bergman (2013),138,Input,sing,1143,3826525,0.2987044381
Kruk & Bergman (2013),138,Target,singer,17,3826525,0.004442673183
Kruk & Bergman (2013),139,Input,try,2952,3826525,0.7714571315
Kruk & Bergman (2013),139,Target,tried,217,3826525,0.05670941651
Kruk & Bergman (2013),140,Input,tree,1142,3826525,0.2984431044
Kruk & Bergman (2013),140,Target,trees,344,3826525,0.08989879852
Kruk & Bergman (2013),141,Input,stop,1813,3826525,0.4737980282
Kruk & Bergman (2013),141,Target,stopped,176,3826525,0.04599473413
Kruk & Bergman (2013),142,Input,egg,794,3826525,0.207498971
Kruk & Bergman (2013),142,Target,eggs,631,3826525,0.1649015752
Kruk & Bergman (2013),143,Input,perform,11,3826525,0.002874670883
Kruk & Bergman (2013),143,Target,performance,9,3826525,0.00235200345
Kruk & Bergman (2013),144,Input,sun,596,3826525,0.1557548951
Kruk & Bergman (2013),144,Target,sunny,110,3826525,0.02874670883
Kruk & Bergman (2013),145,Input,car,3681,3826525,0.9619694109
Kruk & Bergman (2013),145,Target,cars,575,3826525,0.1502668871
Kruk & Bergman (2013),146,Input,ask,1201,3826525,0.3138617937
Kruk & Bergman (2013),146,Target,asked,557,3826525,0.1455628802
Kruk & Bergman (2013),147,Input,warm,476,3826525,0.1243948491
Kruk & Bergman (2013),147,Target,warmth,3,3826525,0.0007840011499
Kruk & Bergman (2013),148,Input,fish,1678,3826525,0.4385179765
Kruk & Bergman (2013),148,Target,fishing,130,3826525,0.03397338316
Kruk & Bergman (2013),149,Input,wish,238,3826525,0.06219742456
Kruk & Bergman (2013),149,Target,wishes,8,3826525,0.002090669733
Kruk & Bergman (2013),150,Input,come,11775,3826525,3.077204513
Kruk & Bergman (2013),150,Target,coming,1733,3826525,0.4528913309
Kruk & Bergman (2013),151,Input,assist,0,3826525,0
Kruk & Bergman (2013),151,Target,assistance,1,3826525,0.0002613337166
Kruk & Bergman (2013),152,Input,human,42,3826525,0.0109760161
Kruk & Bergman (2013),152,Target,humanity,0,3826525,0
Kruk & Bergman (2013),153,Input,teach,162,3826525,0.04233606209
Kruk & Bergman (2013),153,Target,teacher,418,3826525,0.1092374935
Kruk & Bergman (2013),154,Input,profit,1,3826525,0.0002613337166
Kruk & Bergman (2013),154,Target,profitable,0,3826525,0
Kruk & Bergman (2013),155,Input,appear,11,3826525,0.002874670883
Kruk & Bergman (2013),155,Target,appearance,1,3826525,0.0002613337166
Kruk & Bergman (2013),156,Input,body,313,3826525,0.0817974533
Kruk & Bergman (2013),156,Target,bodies,14,3826525,0.003658672033
Kruk & Bergman (2013),157,Input,deep,131,3826525,0.03423471688
Kruk & Bergman (2013),157,Target,depth,0,3826525,0
Kruk & Bergman (2013),158,Input,life,165,3826525,0.04312006324
Kruk & Bergman (2013),158,Target,live,868,3826525,0.226837666
Kruk & Bergman (2013),159,Input,dead,184,3826525,0.04808540386
Kruk & Bergman (2013),159,Target,death,18,3826525,0.004704006899
Kruk & Bergman (2013),160,Input,permit,0,3826525,0
Kruk & Bergman (2013),160,Target,permission,8,3826525,0.002090669733
Kruk & Bergman (2013),161,Input,shelf,102,3826525,0.0266560391
Kruk & Bergman (2013),161,Target,shelves,17,3826525,0.004442673183
Kruk & Bergman (2013),162,Input,protect,54,3826525,0.0141120207
Kruk & Bergman (2013),162,Target,protection,1,3826525,0.0002613337166
Kruk & Bergman (2013),163,Input,active,5,3826525,0.001306668583
Kruk & Bergman (2013),163,Target,activity,13,3826525,0.003397338316
Lam (2009),167,Input,growth,3,3826525,0.0007840011499
Lam (2009),167,Target,grow,331,3826525,0.0865014602
Lam (2009),168,Input,density,0,3826525,0
Lam (2009),168,Target,dense,4,3826525,0.001045334866
Lam (2009),169,Input,description,2,3826525,0.0005226674332
Lam (2009),169,Target,describe,21,3826525,0.005488008049
Lam (2009),170,Input,runner,10,3826525,0.002613337166
Lam (2009),170,Target,run,855,3826525,0.2234403277
Lam (2009),171,Input,jacket,293,3826525,0.07657077897
Lam (2009),171,Target,jackets,18,3826525,0.004704006899
Lam (2009),172,Input,skip,67,3826525,0.01750935901
Lam (2009),172,Target,skipped,50,3826525,0.01306668583
Lam (2009),173,Input,music,507,3826525,0.1324961943
Lam (2009),173,Target,musician,5,3826525,0.001306668583
Lam (2009),174,Input,slow,206,3826525,0.05383474562
Lam (2009),174,Target,slowest,2,3826525,0.0005226674332
Lam (2009),175,Input,science,24,3826525,0.006272009199
Lam (2009),175,Target,scientist,5,3826525,0.001306668583
Lam (2009),176,Input,four,1855,3826525,0.4847740443
Lam (2009),176,Target,fourth,64,3826525,0.01672535786
Lam (2009),177,Input,dance,546,3826525,0.1426882093
Lam (2009),177,Target,dancer,24,3826525,0.006272009199
Lam (2009),178,Input,art,70,3826525,0.01829336016
Lam (2009),178,Target,artist,43,3826525,0.01123734981
Lam (2009),179,Input,cloud,67,3826525,0.01750935901
Lam (2009),179,Target,cloudy,8,3826525,0.002090669733
Lam (2009),180,Input,paint,496,3826525,0.1296215234
Lam (2009),180,Target,painter,5,3826525,0.001306668583
Lam (2009),181,Input,curl,28,3826525,0.007317344065
Lam (2009),181,Target,curly,36,3826525,0.009408013798
Lam (2009),182,Input,calm,57,3826525,0.01489602185
Lam (2009),182,Target,calmly,0,3826525,0
Lam (2009),183,Input,magic,260,3826525,0.06794676632
Lam (2009),183,Target,musician,5,3826525,0.001306668583
Lam (2009),184,Input,strong,259,3826525,0.06768543261
Lam (2009),184,Target,strength,11,3826525,0.002874670883
Lam (2009),185,Input,discuss,12,3826525,0.003136004599
Lam (2009),185,Target,discussion,13,3826525,0.003397338316
Lam (2009),186,Input,appear,11,3826525,0.002874670883
Lam (2009),186,Target,appearance,1,3826525,0.0002613337166
Lam (2009),187,Input,remark,0,3826525,0
Lam (2009),187,Target,remarkable,3,3826525,0.0007840011499
Lam (2009),188,Input,major,0,3826525,0
Lam (2009),188,Target,majority,1,3826525,0.0002613337166
Lam (2009),189,Input,humour,0,3826525,0
Lam (2009),189,Target,humorous,2,3826525,0.0005226674332
Lam (2009),190,Input,mystery,16,3826525,0.004181339466
Lam (2009),190,Target,mysterious,10,3826525,0.002613337166
Deacon et al. (2013),192,Input,plugs,16,3826525,0.004181339466
Deacon et al. (2013),192,Target,plugged,46,3826525,0.01202135096
Deacon et al. (2013),194,Input,chased,23,3826525,0.006010675482
Deacon et al. (2013),194,Target,chases,18,3826525,0.004704006899
Deacon et al. (2013),196,Input,slammed,9,3826525,0.00235200345
Deacon et al. (2013),196,Target,slams,0,3826525,0
Deacon et al. (2013),198,Input,feeds,8,3826525,0.002090669733
Deacon et al. (2013),198,Target,fed,53,3826525,0.01385068698
Deacon et al. (2013),200,Input,crept,9,3826525,0.00235200345
Deacon et al. (2013),200,Target,creeps,3,3826525,0.0007840011499
Deacon et al. (2013),202,Input,sells,20,3826525,0.005226674332
Deacon et al. (2013),202,Target,sold,35,3826525,0.009146680082
Deacon et al. (2013),204,Input,ran,377,3826525,0.09852281117
Deacon et al. (2013),204,Target,runs,82,3826525,0.02142936476
Deacon et al. (2013),206,Input,opens,96,3826525,0.0250880368
Deacon et al. (2013),206,Target,opened,161,3826525,0.04207472838
Deacon et al. (2013),208,Input,strong,259,3826525,0.06768543261
Deacon et al. (2013),208,Target,strongest,3,3826525,0.0007840011499
Deacon et al. (2013),210,Input,chill,5,3826525,0.001306668583
Deacon et al. (2013),210,Target,chilly,42,3826525,0.0109760161
Deacon et al. (2013),212,Input,write,1247,3826525,0.3258831446
Deacon et al. (2013),212,Target,writer,10,3826525,0.002613337166
Deacon et al. (2013),214,Input,curl,28,3826525,0.007317344065
Deacon et al. (2013),214,Target,curly,36,3826525,0.009408013798
Deacon et al. (2013),216,Input,store,1098,3826525,0.2869444209
Deacon et al. (2013),216,Target,shortage,1,3826525,0.0002613337166
Deacon et al. (2013),218,Input,bite,645,3826525,0.1685602472
Deacon et al. (2013),218,Target,biting,95,3826525,0.02482670308
Deacon et al. (2013),220,Input,goose,132,3826525,0.03449605059
Deacon et al. (2013),220,Target,geese,30,3826525,0.007840011499
Deacon et al. (2013),222,Input,obedient,2,3826525,0.0005226674332
Deacon et al. (2013),222,Target,obedience,0,3826525,0
Deacon et al. (2013),224,Input,strong,259,3826525,0.06768543261
Deacon et al. (2013),224,Target,strength,11,3826525,0.002874670883
Deacon et al. (2013),226,Input,clean,1330,3826525,0.3475738431
Deacon et al. (2013),226,Target,cleaner,101,3826525,0.02639470538
Deacon et al. (2013),228,Input,deep,131,3826525,0.03423471688
Deacon et al. (2013),228,Target,depth,0,3826525,0
Deacon et al. (2013),230,Input,mouse,728,3826525,0.1902509457
Deacon et al. (2013),230,Target,mice,184,3826525,0.04808540386
Deacon et al. (2013),232,Input,scratch,135,3826525,0.03528005174
Deacon et al. (2013),232,Target,scratched,35,3826525,0.009146680082
Deacon et al. (2013),234,Input,true,217,3826525,0.05670941651
Deacon et al. (2013),234,Target,truth,38,3826525,0.009930681232
Deacon et al. (2013),236,Input,farm,446,3826525,0.1165548376
Deacon et al. (2013),236,Target,farmer,203,3826525,0.05305074447
Deacon et al. (2013),238,Input,mild,4,3826525,0.001045334866
Deacon et al. (2013),238,Target,mildly,1,3826525,0.0002613337166
Deacon et al. (2013),240,Input,sing,1143,3826525,0.2987044381
Deacon et al. (2013),240,Target,sang,78,3826525,0.0203840299
Deacon et al. (2013),242,Input,science,24,3826525,0.006272009199
Deacon et al. (2013),242,Target,scientist,5,3826525,0.001306668583
Deacon et al. (2013),244,Input,shrink,8,3826525,0.002090669733
Deacon et al. (2013),244,Target,shrinkage,0,3826525,0
Deacon et al. (2013),246,Input,bold,5,3826525,0.001306668583
Deacon et al. (2013),246,Target,boldly,0,3826525,0
Deacon et al. (2013),248,Input,fly,648,3826525,0.1693442484
Deacon et al. (2013),248,Target,flying,368,3826525,0.09617080772
Deacon (2012),250,Input,plugs,16,3826525,0.004181339466
Deacon (2012),250,Target,plugged,46,3826525,0.01202135096
Deacon (2012),252,Input,chased,23,3826525,0.006010675482
Deacon (2012),252,Target,chases,18,3826525,0.004704006899
Deacon (2012),254,Input,slammed,9,3826525,0.00235200345
Deacon (2012),254,Target,slams,0,3826525,0
Deacon (2012),256,Input,feeds,8,3826525,0.002090669733
Deacon (2012),256,Target,fed,53,3826525,0.01385068698
Deacon (2012),258,Input,crept,9,3826525,0.00235200345
Deacon (2012),258,Target,creeps,3,3826525,0.0007840011499
Deacon (2012),260,Input,sells,20,3826525,0.005226674332
Deacon (2012),260,Target,sold,35,3826525,0.009146680082
Deacon (2012),262,Input,ran,377,3826525,0.09852281117
Deacon (2012),262,Target,runs,82,3826525,0.02142936476
Deacon (2012),264,Input,opens,96,3826525,0.0250880368
Deacon (2012),264,Target,opened,161,3826525,0.04207472838
Deacon et al. (2007),266,Input,shakes,34,3826525,0.008885346365
Deacon et al. (2007),266,Target,shook,40,3826525,0.01045334866
Deacon et al. (2007),268,Input,keeping,58,3826525,0.01515735556
Deacon et al. (2007),268,Target,kept,165,3826525,0.04312006324
Deacon et al. (2007),270,Input,fed,53,3826525,0.01385068698
Deacon et al. (2007),270,Target,feeds,8,3826525,0.002090669733
Deacon et al. (2007),272,Input,left,988,3826525,0.258197712
Deacon et al. (2007),272,Target,leaves,255,3826525,0.06664009774
Deacon et al. (2007),274,Input,laughed,41,3826525,0.01071468238
Deacon et al. (2007),274,Target,laughs,26,3826525,0.006794676632
Deacon et al. (2007),276,Input,slams,0,3826525,0
Deacon et al. (2007),276,Target,slammed,9,3826525,0.00235200345
Deacon et al. (2007),278,Input,runs,82,3826525,0.02142936476
Deacon et al. (2007),278,Target,ran,377,3826525,0.09852281117
Deacon et al. (2014),288,Input,strong,259,3826525,0.06768543261
Deacon et al. (2014),288,Target,strongest,3,3826525,0.0007840011499
Deacon et al. (2014),290,Input,chill,5,3826525,0.001306668583
Deacon et al. (2014),290,Target,chilly,42,3826525,0.0109760161
Deacon et al. (2014),292,Input,write,1247,3826525,0.3258831446
Deacon et al. (2014),292,Target,writer,10,3826525,0.002613337166
Deacon et al. (2014),294,Input,curl,28,3826525,0.007317344065
Deacon et al. (2014),294,Target,curly,36,3826525,0.009408013798
Deacon et al. (2014),296,Input,store,1098,3826525,0.2869444209
Deacon et al. (2014),296,Target,storage,4,3826525,0.001045334866
Deacon et al. (2014),298,Input,bite,645,3826525,0.1685602472
Deacon et al. (2014),298,Target,biting,95,3826525,0.02482670308
Deacon et al. (2014),300,Input,goose,132,3826525,0.03449605059
Deacon et al. (2014),300,Target,geese,30,3826525,0.007840011499
Deacon et al. (2014),302,Input,obedient,2,3826525,0.0005226674332
Deacon et al. (2014),302,Target,obedience,0,3826525,0
Deacon et al. (2014),304,Input,strong,259,3826525,0.06768543261
Deacon et al. (2014),304,Target,strength,11,3826525,0.002874670883
Deacon et al. (2014),306,Input,clean,1330,3826525,0.3475738431
Deacon et al. (2014),306,Target,cleaner,101,3826525,0.02639470538
Deacon et al. (2014),308,Input,deep,131,3826525,0.03423471688
Deacon et al. (2014),308,Target,depth,0,3826525,0
Deacon et al. (2014),310,Input,mouse,728,3826525,0.1902509457
Deacon et al. (2014),310,Target,mice,184,3826525,0.04808540386
Deacon et al. (2014),312,Input,scratch,135,3826525,0.03528005174
Deacon et al. (2014),312,Target,scratched,35,3826525,0.009146680082
Deacon et al. (2014),314,Input,true,217,3826525,0.05670941651
Deacon et al. (2014),314,Target,truth,38,3826525,0.009930681232
Deacon et al. (2014),316,Input,farm,446,3826525,0.1165548376
Deacon et al. (2014),316,Target,farmer,203,3826525,0.05305074447
Deacon et al. (2014),318,Input,mild,4,3826525,0.001045334866
Deacon et al. (2014),318,Target,mildly,1,3826525,0.0002613337166
Deacon et al. (2014),320,Input,sing,1143,3826525,0.2987044381
Deacon et al. (2014),320,Target,sang,78,3826525,0.0203840299
Deacon et al. (2014),322,Input,science,24,3826525,0.006272009199
Deacon et al. (2014),322,Target,scientist,5,3826525,0.001306668583
Deacon et al. (2014),324,Input,shrink,8,3826525,0.002090669733
Deacon et al. (2014),324,Target,shrinkage,0,3826525,0
Deacon et al. (2014),326,Input,bold,5,3826525,0.001306668583
Deacon et al. (2014),326,Target,boldly,0,3826525,0
Deacon et al. (2014),328,Input,fly,648,3826525,0.1693442484
Deacon et al. (2014),328,Target,flying,368,3826525,0.09617080772
Ku & Anderson (2003),330,Input,grow,331,3826525,0.0865014602
Ku & Anderson (2003),330,Target,growth,3,3826525,0.0007840011499
Ku & Anderson (2003),331,Input,dance,546,3826525,0.1426882093
Ku & Anderson (2003),331,Target,dancer,24,3826525,0.006272009199
Ku & Anderson (2003),332,Input,art,70,3826525,0.01829336016
Ku & Anderson (2003),332,Target,artist,43,3826525,0.01123734981
Ku & Anderson (2003),333,Input,baker,27,3826525,0.007056010349
Ku & Anderson (2003),333,Target,bakery,19,3826525,0.004965340616
Ku & Anderson (2003),334,Input,dirt,265,3826525,0.06925343491
Ku & Anderson (2003),334,Target,dirty,910,3826525,0.2378136821
Ku & Anderson (2003),335,Input,after,0,3826525,0
Ku & Anderson (2003),335,Target,afternoon,0,3826525,0
Ku & Anderson (2003),336,Input,man,8,3826525,0.002090669733
Ku & Anderson (2003),336,Target,many,8,3826525,0.002090669733
Ku & Anderson (2003),337,Input,person,469,3826525,0.1225655131
Ku & Anderson (2003),337,Target,personal,6,3826525,0.0015680023
Ku & Anderson (2003),338,Input,pain,18,3826525,0.004704006899
Ku & Anderson (2003),338,Target,painful,5,3826525,0.001306668583
Ku & Anderson (2003),339,Input,fire,976,3826525,0.2550617074
Ku & Anderson (2003),339,Target,fireplace,63,3826525,0.01646402415
Levesque et al. (2019),340,Input,agree,33,3826525,0.008624012649
Levesque et al. (2019),340,Target,agreeable,4,3826525,0.001045334866
Levesque et al. (2019),341,Input,depend,1,3826525,0.0002613337166
Levesque et al. (2019),341,Target,dependable,1,3826525,0.0002613337166
Levesque et al. (2019),342,Input,fear,36,3826525,0.009408013798
Levesque et al. (2019),342,Target,fearless,0,3826525,0
Levesque et al. (2019),343,Input,forget,459,3826525,0.1199521759
Levesque et al. (2019),343,Target,forgetful,1,3826525,0.0002613337166
Levesque et al. (2019),344,Input,knowledge,4,3826525,0.001045334866
Levesque et al. (2019),344,Target,knowledgeable,1,3826525,0.0002613337166
Levesque et al. (2019),345,Input,local,5,3826525,0.001306668583
Levesque et al. (2019),345,Target,locally,0,3826525,0
Levesque et al. (2019),346,Input,loud,415,3826525,0.1084534924
Levesque et al. (2019),346,Target,loudness,0,3826525,0
Levesque et al. (2019),347,Input,measure,97,3826525,0.02534937051
Levesque et al. (2019),347,Target,measurable,0,3826525,0
Levesque et al. (2019),348,Input,purpose,36,3826525,0.009408013798
Levesque et al. (2019),348,Target,purposeful,0,3826525,0
Levesque et al. (2019),349,Input,question,321,3826525,0.08388812304
Levesque et al. (2019),349,Target,questionable,0,3826525,0
Levesque et al. (2019),350,Input,respect,6,3826525,0.0015680023
Levesque et al. (2019),350,Target,respectful,0,3826525,0
Levesque et al. (2019),351,Input,rich,21,3826525,0.005488008049
Levesque et al. (2019),351,Target,richness,0,3826525,0
Levesque et al. (2019),352,Input,sense,102,3826525,0.0266560391
Levesque et al. (2019),352,Target,senseless,0,3826525,0
Levesque et al. (2019),353,Input,serious,42,3826525,0.0109760161
Levesque et al. (2019),353,Target,seriousness,0,3826525,0
Levesque et al. (2019),354,Input,slow,206,3826525,0.05383474562
Levesque et al. (2019),354,Target,slowness,0,3826525,0
Levesque et al. (2019),355,Input,smooth,94,3826525,0.02456536936
Levesque et al. (2019),355,Target,smoothness,0,3826525,0
Levesque et al. (2019),356,Input,soft,343,3826525,0.0896374648
Levesque et al. (2019),356,Target,softness,0,3826525,0
Levesque et al. (2019),357,Input,speech,27,3826525,0.007056010349
Levesque et al. (2019),357,Target,speechless,2,3826525,0.0005226674332
Levesque et al. (2019),358,Input,taste,538,3826525,0.1405975395
Levesque et al. (2019),358,Target,tasteless,1,3826525,0.0002613337166
Levesque et al. (2019),359,Input,weight,31,3826525,0.008101345215
Levesque et al. (2019),359,Target,weightless,0,3826525,0
Levesque et al. (2019),360,Input,align,0,3826525,0
Levesque et al. (2019),360,Target,alignment,0,3826525,0
Levesque et al. (2019),361,Input,appraise,0,3826525,0
Levesque et al. (2019),361,Target,appraisal,0,3826525,0
Levesque et al. (2019),362,Input,cease,1,3826525,0.0002613337166
Levesque et al. (2019),362,Target,ceaseless,0,3826525,0
Levesque et al. (2019),363,Input,conceive,1,3826525,0.0002613337166
Levesque et al. (2019),363,Target,conceivable,3,3826525,0.0007840011499
Levesque et al. (2019),364,Input,confine,2,3826525,0.0005226674332
Levesque et al. (2019),364,Target,confinement,0,3826525,0
Levesque et al. (2019),365,Input,coward,1,3826525,0.0002613337166
Levesque et al. (2019),365,Target,cowardly,3,3826525,0.0007840011499
Levesque et al. (2019),366,Input,dispose,2,3826525,0.0005226674332
Levesque et al. (2019),366,Target,disposable,0,3826525,0
Levesque et al. (2019),367,Input,endorse,0,3826525,0
Levesque et al. (2019),367,Target,endorsement,0,3826525,0
Levesque et al. (2019),368,Input,envy,2,3826525,0.0005226674332
Levesque et al. (2019),368,Target,envious,3,3826525,0.0007840011499
Levesque et al. (2019),369,Input,eternal,0,3826525,0
Levesque et al. (2019),369,Target,eternally,1,3826525,0.0002613337166
Levesque et al. (2019),370,Input,forgive,5,3826525,0.001306668583
Levesque et al. (2019),370,Target,forgiveness,0,3826525,0
Levesque et al. (2019),371,Input,fright,13,3826525,0.003397338316
Levesque et al. (2019),371,Target,frightful,2,3826525,0.0005226674332
Levesque et al. (2019),372,Input,hazard,1,3826525,0.0002613337166
Levesque et al. (2019),372,Target,hazardous,0,3826525,0
Levesque et al. (2019),373,Input,install,0,3826525,0
Levesque et al. (2019),373,Target,installment,0,3826525,0
Levesque et al. (2019),374,Input,mourn,1,3826525,0.0002613337166
Levesque et al. (2019),374,Target,mournful,0,3826525,0
Levesque et al. (2019),375,Input,nourish,0,3826525,0
Levesque et al. (2019),375,Target,nourishment,0,3826525,0
Levesque et al. (2019),376,Input,rehearse,0,3826525,0
Levesque et al. (2019),376,Target,rehearsal,0,3826525,0
Levesque et al. (2019),377,Input,resent,1,3826525,0.0002613337166
Levesque et al. (2019),377,Target,resentful,0,3826525,0
Levesque et al. (2019),378,Input,stain,9,3826525,0.00235200345
Levesque et al. (2019),378,Target,stainless,0,3826525,0
Levesque et al. (2019),379,Input,timid,1,3826525,0.0002613337166
Levesque et al. (2019),379,Target,timidly,0,3826525,0
Gómez (2009),380,Input,music,507,3826525,0.1324961943
Gómez (2009),380,Target,musician,5,3826525,0.001306668583
Gómez (2009),381,Input,popular,9,3826525,0.00235200345
Gómez (2009),381,Target,popularity,0,3826525,0
Gómez (2009),382,Input,growth,3,3826525,0.0007840011499
Gómez (2009),382,Target,grow,331,3826525,0.0865014602
Gómez (2009),383,Input,slow,206,3826525,0.05383474562
Gómez (2009),383,Target,slowest,2,3826525,0.0005226674332
Gómez (2009),384,Input,science,24,3826525,0.006272009199
Gómez (2009),384,Target,scientist,5,3826525,0.001306668583
Gómez (2009),385,Input,four,1855,3826525,0.4847740443
Gómez (2009),385,Target,fourth,64,3826525,0.01672535786
Gómez (2009),386,Input,local,5,3826525,0.001306668583
Gómez (2009),386,Target,locality,0,3826525,0
Gómez (2009),387,Input,produce,4,3826525,0.001045334866
Gómez (2009),387,Target,production,3,3826525,0.0007840011499
Gómez (2009),388,Input,vary,0,3826525,0
Gómez (2009),388,Target,varied,0,3826525,0
Gómez (2009),389,Input,wide,175,3826525,0.04573340041
Gómez (2009),389,Target,width,0,3826525,0
Gómez (2009),390,Input,assist,0,3826525,0
Gómez (2009),390,Target,assistance,1,3826525,0.0002613337166
Gómez (2009),391,Input,calm,57,3826525,0.01489602185
Gómez (2009),391,Target,calmly,0,3826525,0
Gómez (2009),392,Input,magic,260,3826525,0.06794676632
Gómez (2009),392,Target,magician,11,3826525,0.002874670883
Gómez (2009),393,Input,strong,259,3826525,0.06768543261
Gómez (2009),393,Target,strength,11,3826525,0.002874670883
Gómez (2009),394,Input,discuss,12,3826525,0.003136004599
Gómez (2009),394,Target,discussion,13,3826525,0.003397338316
Gómez (2009),395,Input,appear,11,3826525,0.002874670883
Gómez (2009),395,Target,appearance,1,3826525,0.0002613337166
Gómez (2009),396,Input,remark,0,3826525,0
Gómez (2009),396,Target,remarkable,3,3826525,0.0007840011499
Gómez (2009),397,Input,major,0,3826525,0
Gómez (2009),397,Target,majority,1,3826525,0.0002613337166
Gómez (2009),398,Input,density,0,3826525,0
Gómez (2009),398,Target,dense,4,3826525,0.001045334866
Gómez (2009),399,Input,mystery,16,3826525,0.004181339466
Gómez (2009),399,Target,mysterious,10,3826525,0.002613337166
Gómez (2009),400,Input,permit,0,3826525,0
Gómez (2009),400,Target,permission,8,3826525,0.002090669733
Gómez (2009),401,Input,jacket,293,3826525,0.07657077897
Gómez (2009),401,Target,jackets,18,3826525,0.004704006899
Gómez (2009),402,Input,human,42,3826525,0.0109760161
Gómez (2009),402,Target,humanity,0,3826525,0
Gómez (2009),403,Input,skip,67,3826525,0.01750935901
Gómez (2009),403,Target,skipped,50,3826525,0.01306668583
Gómez (2009),404,Input,description,2,3826525,0.0005226674332
Gómez (2009),404,Target,describe,21,3826525,0.005488008049
Gómez (2009),405,Input,runner,10,3826525,0.002613337166
Gómez (2009),405,Target,run,855,3826525,0.2234403277
Gómez (2009),406,Input,cloud,67,3826525,0.01750935901
Gómez (2009),406,Target,cloudy,8,3826525,0.002090669733
McCutchen & Logan (2011),407,Input,four,1855,3826525,0.4847740443
McCutchen & Logan (2011),407,Target,fourth,64,3826525,0.01672535786
McCutchen & Logan (2011),408,Input,ill,18,3826525,0.004704006899
McCutchen & Logan (2011),408,Target,illness,3,3826525,0.0007840011499
McCutchen & Logan (2011),409,Input,allow,5,3826525,0.001306668583
McCutchen & Logan (2011),409,Target,allowance,18,3826525,0.004704006899
McCutchen & Logan (2011),410,Input,strong,259,3826525,0.06768543261
McCutchen & Logan (2011),410,Target,strength,11,3826525,0.002874670883
McCutchen & Logan (2011),411,Input,art,70,3826525,0.01829336016
McCutchen & Logan (2011),411,Target,artist,43,3826525,0.01123734981
McCutchen & Logan (2011),412,Input,quick,275,3826525,0.07186677207
McCutchen & Logan (2011),412,Target,quickly,137,3826525,0.03580271918
McCutchen & Logan (2011),413,Input,victory,2,3826525,0.0005226674332
McCutchen & Logan (2011),413,Target,victorious,0,3826525,0
McCutchen & Logan (2011),414,Input,assume,14,3826525,0.003658672033
McCutchen & Logan (2011),414,Target,assumption,0,3826525,0
McCutchen & Logan (2011),415,Input,music,507,3826525,0.1324961943
McCutchen & Logan (2011),415,Target,musician,5,3826525,0.001306668583
McCutchen & Logan (2011),416,Input,care,533,3826525,0.139290871
McCutchen & Logan (2011),416,Target,careful,3329,3826525,0.8699799426
McCutchen & Logan (2011),417,Input,sad,441,3826525,0.115248169
McCutchen & Logan (2011),417,Target,sadness,1,3826525,0.0002613337166
McCutchen & Logan (2011),418,Input,decide,130,3826525,0.03397338316
McCutchen & Logan (2011),418,Target,decision,20,3826525,0.005226674332
McCutchen & Logan (2011),419,Input,swim,351,3826525,0.09172813453
McCutchen & Logan (2011),419,Target,swimmer,14,3826525,0.003658672033
McCutchen & Logan (2011),420,Input,examine,15,3826525,0.003920005749
McCutchen & Logan (2011),420,Target,examination,7,3826525,0.001829336016
McCutchen & Logan (2011),421,Input,nerve,4,3826525,0.001045334866
McCutchen & Logan (2011),421,Target,nervous,41,3826525,0.01071468238
McCutchen & Logan (2011),422,Input,trick,191,3826525,0.04991473987
McCutchen & Logan (2011),422,Target,tricky,63,3826525,0.01646402415
McCutchen & Logan (2011),423,Input,five,1965,3826525,0.5135207532
McCutchen & Logan (2011),423,Target,fifth,60,3826525,0.015680023
McCutchen & Logan (2011),424,Input,absent,15,3826525,0.003920005749
McCutchen & Logan (2011),424,Target,absence,0,3826525,0
McCutchen & Logan (2011),425,Input,win,177,3826525,0.04625606784
McCutchen & Logan (2011),425,Target,winner,44,3826525,0.01149868353
McCutchen & Logan (2011),426,Input,distant,2,3826525,0.0005226674332
McCutchen & Logan (2011),426,Target,distance,30,3826525,0.007840011499
McCutchen & Logan (2011),427,Input,science,24,3826525,0.006272009199
McCutchen & Logan (2011),427,Target,scientist,5,3826525,0.001306668583
McCutchen & Logan (2011),428,Input,deep,131,3826525,0.03423471688
McCutchen & Logan (2011),428,Target,depth,0,3826525,0
McCutchen & Logan (2011),429,Input,pain,18,3826525,0.004704006899
McCutchen & Logan (2011),429,Target,painful,5,3826525,0.001306668583
McCutchen & Logan (2011),430,Input,think,15015,3826525,3.923925755
McCutchen & Logan (2011),430,Target,thought,1871,3826525,0.4889553838
McCutchen & Logan (2011),431,Input,accept,5,3826525,0.001306668583
McCutchen & Logan (2011),431,Target,acceptable,2,3826525,0.0005226674332
McCutchen & Logan (2011),432,Input,comfort,11,3826525,0.002874670883
McCutchen & Logan (2011),432,Target,comfortable,114,3826525,0.02979204369
McCutchen & Logan (2011),433,Input,sign,193,3826525,0.05043740731
McCutchen & Logan (2011),433,Target,signature,0,3826525,0
McCutchen & Logan (2011),434,Input,long,1937,3826525,0.5062034091
McCutchen & Logan (2011),434,Target,length,10,3826525,0.002613337166
McCutchen & Logan (2011),435,Input,know,19207,3826525,5.019436695
McCutchen & Logan (2011),435,Target,knowledge,4,3826525,0.001045334866
McCutchen & Logan (2011),436,Input,excel,0,3826525,0
McCutchen & Logan (2011),436,Target,excellent,176,3826525,0.04599473413
Roth (2007),437,Input,walk,1020,3826525,0.266560391
Roth (2007),437,Target,walked,167,3826525,0.04364273068
Roth (2007),438,Input,sneaker,20,3826525,0.005226674332
Roth (2007),438,Target,sneakers,124,3826525,0.03240538086
Roth (2007),439,Input,low,109,3826525,0.02848537511
Roth (2007),439,Target,lower,33,3826525,0.008624012649
Roth (2007),440,Input,stood,75,3826525,0.01960002875
Roth (2007),440,Target,stand,956,3826525,0.2498350331
Roth (2007),441,Input,lose,246,3826525,0.06428809429
Roth (2007),441,Target,lost,553,3826525,0.1445175453
Roth (2007),442,Input,say,8290,3826525,2.166456511
Roth (2007),442,Target,said,5191,3826525,1.356583323
Roth (2007),443,Input,child,231,3826525,0.06036808854
Roth (2007),443,Target,children,715,3826525,0.1868536074
Roth (2007),444,Input,kept,165,3826525,0.04312006324
Roth (2007),444,Target,keep,1781,3826525,0.4654353493
Roth (2007),445,Input,taller,74,3826525,0.01933869503
Roth (2007),445,Target,tall,409,3826525,0.1068854901
Roth (2007),446,Input,person,469,3826525,0.1225655131
Roth (2007),446,Target,people,2233,3826525,0.5835581892
Roth (2007),447,Input,fun,1322,3826525,0.3454831734
Roth (2007),447,Target,funny,1874,3826525,0.489739385
Roth (2007),448,Input,bake,86,3826525,0.02247469963
Roth (2007),448,Target,baker,27,3826525,0.007056010349
Roth (2007),449,Input,sun,596,3826525,0.1557548951
Roth (2007),449,Target,sunny,110,3826525,0.02874670883
Roth (2007),450,Input,work,1849,3826525,0.483206042
Roth (2007),450,Target,worker,27,3826525,0.007056010349
Roth (2007),451,Input,deep,131,3826525,0.03423471688
Roth (2007),451,Target,depth,0,3826525,0
Roth (2007),452,Input,action,20,3826525,0.005226674332
Roth (2007),452,Target,act,78,3826525,0.0203840299
Roth (2007),453,Input,art,70,3826525,0.01829336016
Roth (2007),453,Target,artist,43,3826525,0.01123734981
Roth (2007),454,Input,wide,175,3826525,0.04573340041
Roth (2007),454,Target,width,0,3826525,0
Roth (2007),455,Input,strength,11,3826525,0.002874670883
Roth (2007),455,Target,strong,259,3826525,0.06768543261
Roth (2007),456,Input,music,507,3826525,0.1324961943
Roth (2007),456,Target,musician,5,3826525,0.001306668583
McCutchen et al. (2009),457,Input,four,1855,3826525,0.4847740443
McCutchen et al. (2009),457,Target,fourth,64,3826525,0.01672535786
McCutchen et al. (2009),458,Input,ill,18,3826525,0.004704006899
McCutchen et al. (2009),458,Target,illness,3,3826525,0.0007840011499
McCutchen et al. (2009),459,Input,allow,5,3826525,0.001306668583
McCutchen et al. (2009),459,Target,allowance,18,3826525,0.004704006899
McCutchen et al. (2009),460,Input,strong,259,3826525,0.06768543261
McCutchen et al. (2009),460,Target,strength,11,3826525,0.002874670883
McCutchen et al. (2009),461,Input,art,70,3826525,0.01829336016
McCutchen et al. (2009),461,Target,artist,43,3826525,0.01123734981
McCutchen et al. (2009),462,Input,quick,275,3826525,0.07186677207
McCutchen et al. (2009),462,Target,quickly,137,3826525,0.03580271918
McCutchen et al. (2009),463,Input,victory,2,3826525,0.0005226674332
McCutchen et al. (2009),463,Target,victorious,0,3826525,0
McCutchen et al. (2009),464,Input,assume,14,3826525,0.003658672033
McCutchen et al. (2009),464,Target,assumption,0,3826525,0
McCutchen et al. (2009),465,Input,music,507,3826525,0.1324961943
McCutchen et al. (2009),465,Target,musician,5,3826525,0.001306668583
McCutchen et al. (2009),466,Input,care,533,3826525,0.139290871
McCutchen et al. (2009),466,Target,careful,3329,3826525,0.8699799426
McCutchen et al. (2009),467,Input,sad,441,3826525,0.115248169
McCutchen et al. (2009),467,Target,sadness,1,3826525,0.0002613337166
McCutchen et al. (2009),468,Input,decide,130,3826525,0.03397338316
McCutchen et al. (2009),468,Target,decision,20,3826525,0.005226674332
McCutchen et al. (2009),469,Input,swim,351,3826525,0.09172813453
McCutchen et al. (2009),469,Target,swimmer,14,3826525,0.003658672033
McCutchen et al. (2009),470,Input,examine,15,3826525,0.003920005749
McCutchen et al. (2009),470,Target,examination,7,3826525,0.001829336016
McCutchen et al. (2009),471,Input,nerve,4,3826525,0.001045334866
McCutchen et al. (2009),471,Target,nervous,41,3826525,0.01071468238
McCutchen et al. (2009),472,Input,trick,191,3826525,0.04991473987
McCutchen et al. (2009),472,Target,tricky,63,3826525,0.01646402415
McCutchen et al. (2009),473,Input,five,1965,3826525,0.5135207532
McCutchen et al. (2009),473,Target,fifth,60,3826525,0.015680023
McCutchen et al. (2009),474,Input,absent,15,3826525,0.003920005749
McCutchen et al. (2009),474,Target,absence,0,3826525,0
McCutchen et al. (2009),475,Input,win,177,3826525,0.04625606784
McCutchen et al. (2009),475,Target,winner,44,3826525,0.01149868353
McCutchen et al. (2009),476,Input,distant,2,3826525,0.0005226674332
McCutchen et al. (2009),476,Target,distance,30,3826525,0.007840011499
McCutchen et al. (2009),477,Input,science,24,3826525,0.006272009199
McCutchen et al. (2009),477,Target,scientist,5,3826525,0.001306668583
McCutchen et al. (2009),478,Input,deep,131,3826525,0.03423471688
McCutchen et al. (2009),478,Target,depth,0,3826525,0
McCutchen et al. (2009),479,Input,pain,18,3826525,0.004704006899
McCutchen et al. (2009),479,Target,painful,5,3826525,0.001306668583
McCutchen et al. (2009),480,Input,think,15015,3826525,3.923925755
McCutchen et al. (2009),480,Target,thought,1871,3826525,0.4889553838
McCutchen et al. (2009),481,Input,accept,5,3826525,0.001306668583
McCutchen et al. (2009),481,Target,acceptable,2,3826525,0.0005226674332
McCutchen et al. (2009),482,Input,comfort,11,3826525,0.002874670883
McCutchen et al. (2009),482,Target,comfortable,114,3826525,0.02979204369
McCutchen et al. (2009),483,Input,sign,193,3826525,0.05043740731
McCutchen et al. (2009),483,Target,signature,0,3826525,0
McCutchen et al. (2009),484,Input,long,1937,3826525,0.5062034091
McCutchen et al. (2009),484,Target,length,10,3826525,0.002613337166
McCutchen et al. (2009),485,Input,know,19207,3826525,5.019436695
McCutchen et al. (2009),485,Target,knowledge,4,3826525,0.001045334866
McCutchen et al. (2009),486,Input,excel,0,3826525,0
McCutchen et al. (2009),486,Target,excellent,176,3826525,0.04599473413
Deacon et al. (2018),487,Input,behaves,2,3826525,0.0005226674332
Deacon et al. (2018),487,Target,bravely,8,3826525,0.002090669733
Deacon et al. (2018),488,Input,wise,34,3826525,0.008885346365
Deacon et al. (2018),488,Target,wisely,0,3826525,0
Deacon et al. (2018),489,Input,polite,22,3826525,0.005749341766
Deacon et al. (2018),489,Target,politely,3,3826525,0.0007840011499
Deacon et al. (2018),490,Input,dust,70,3826525,0.01829336016
Deacon et al. (2018),490,Target,dusty,8,3826525,0.002090669733
Deacon et al. (2018),491,Input,mist,2,3826525,0.0005226674332
Deacon et al. (2018),491,Target,misty,1,3826525,0.0002613337166
Deacon et al. (2018),492,Input,frost,12,3826525,0.003136004599
Deacon et al. (2018),492,Target,frosty,1,3826525,0.0002613337166
Deacon et al. (2018),493,Input,paint,496,3826525,0.1296215234
Deacon et al. (2018),493,Target,painter,5,3826525,0.001306668583
Deacon et al. (2018),494,Input,dance,546,3826525,0.1426882093
Deacon et al. (2018),494,Target,dancer,24,3826525,0.006272009199
Deacon et al. (2018),495,Input,juggle,10,3826525,0.002613337166
Deacon et al. (2018),495,Target,juggler,4,3826525,0.001045334866
Deacon et al. (2018),496,Input,ghost,69,3826525,0.01803202645
Deacon et al. (2018),496,Target,ghostie,0,3826525,0
Deacon et al. (2018),497,Input,beast,50,3826525,0.01306668583
Deacon et al. (2018),497,Target,beastie,0,3826525,0
Deacon et al. (2018),498,Input,bird,1068,3826525,0.2791044094
Deacon et al. (2018),498,Target,birdy,30,3826525,0.007840011499
Deacon et al. (2018),499,Input,collect,34,3826525,0.008885346365
Deacon et al. (2018),499,Target,collection,24,3826525,0.006272009199
Deacon et al. (2018),500,Input,invent,6,3826525,0.0015680023
Deacon et al. (2018),500,Target,invention,7,3826525,0.001829336016
Deacon et al. (2018),501,Input,suggest,30,3826525,0.007840011499
Deacon et al. (2018),501,Target,suggestion,14,3826525,0.003658672033
Deacon et al. (2018),502,Input,move,1464,3826525,0.3825925611
Deacon et al. (2018),502,Target,movement,10,3826525,0.002613337166
Deacon et al. (2018),503,Input,agree,33,3826525,0.008624012649
Deacon et al. (2018),503,Target,agreement,3,3826525,0.0007840011499
Deacon et al. (2018),504,Input,argue,12,3826525,0.003136004599
Deacon et al. (2018),504,Target,argument,18,3826525,0.004704006899
Levesque et al. (2017),505,Input,warm,476,3826525,0.1243948491
Levesque et al. (2017),505,Target,warmth,3,3826525,0.0007840011499
Levesque et al. (2017),506,Input,growth,3,3826525,0.0007840011499
Levesque et al. (2017),506,Target,grow,331,3826525,0.0865014602
Levesque et al. (2017),507,Input,permit,0,3826525,0
Levesque et al. (2017),507,Target,permission,8,3826525,0.002090669733
Levesque et al. (2017),508,Input,variable,0,3826525,0
Levesque et al. (2017),508,Target,vary,0,3826525,0
Levesque et al. (2017),509,Input,appear,11,3826525,0.002874670883
Levesque et al. (2017),509,Target,appearance,1,3826525,0.0002613337166
Levesque et al. (2017),510,Input,density,0,3826525,0
Levesque et al. (2017),510,Target,dense,4,3826525,0.001045334866
Levesque et al. (2017),511,Input,four,1855,3826525,0.4847740443
Levesque et al. (2017),511,Target,fourth,64,3826525,0.01672535786
Levesque et al. (2017),512,Input,famous,16,3826525,0.004181339466
Levesque et al. (2017),512,Target,fame,6,3826525,0.0015680023
Levesque et al. (2017),513,Input,protect,54,3826525,0.0141120207
Levesque et al. (2017),513,Target,protection,1,3826525,0.0002613337166
Levesque et al. (2017),514,Input,fifth,60,3826525,0.015680023
Levesque et al. (2017),514,Target,five,1965,3826525,0.5135207532
Levesque et al. (2017),515,Input,expand,0,3826525,0
Levesque et al. (2017),515,Target,expansion,0,3826525,0
Levesque et al. (2017),516,Input,strength,11,3826525,0.002874670883
Levesque et al. (2017),516,Target,strong,259,3826525,0.06768543261
Levesque et al. (2017),517,Input,reason,207,3826525,0.05409607934
Levesque et al. (2017),517,Target,reasonable,8,3826525,0.002090669733
Levesque et al. (2017),518,Input,popularity,0,3826525,0
Levesque et al. (2017),518,Target,popular,9,3826525,0.00235200345
Levesque et al. (2017),519,Input,deep,131,3826525,0.03423471688
Levesque et al. (2017),519,Target,depth,0,3826525,0
Levesque et al. (2017),520,Input,publicity,0,3826525,0
Levesque et al. (2017),520,Target,public,26,3826525,0.006794676632
Levesque et al. (2017),521,Input,long,1937,3826525,0.5062034091
Levesque et al. (2017),521,Target,length,10,3826525,0.002613337166
Levesque et al. (2017),522,Input,originality,0,3826525,0
Levesque et al. (2017),522,Target,original,18,3826525,0.004704006899
Levesque et al. (2017),523,Input,absorb,2,3826525,0.0005226674332
Levesque et al. (2017),523,Target,absorption,0,3826525,0
Levesque et al. (2017),524,Input,courageous,0,3826525,0
Levesque et al. (2017),524,Target,courage,2,3826525,0.0005226674332
Levesque et al. (2017),525,Input,swim,351,3826525,0.09172813453
Levesque et al. (2017),525,Target,swimmer,14,3826525,0.003658672033
Levesque et al. (2017),526,Input,dangerous,139,3826525,0.03632538661
Levesque et al. (2017),526,Target,danger,51,3826525,0.01332801955
Levesque et al. (2017),527,Input,wash,920,3826525,0.2404270193
Levesque et al. (2017),527,Target,washer,12,3826525,0.003136004599
Levesque et al. (2017),528,Input,baker,27,3826525,0.007056010349
Levesque et al. (2017),528,Target,bake,86,3826525,0.02247469963
Levesque et al. (2017),529,Input,assist,0,3826525,0
Levesque et al. (2017),529,Target,assistance,1,3826525,0.0002613337166
Levesque et al. (2017),530,Input,guidance,0,3826525,0
Levesque et al. (2017),530,Target,guide,12,3826525,0.003136004599
Levesque et al. (2017),531,Input,produce,4,3826525,0.001045334866
Levesque et al. (2017),531,Target,production,3,3826525,0.0007840011499
Levesque et al. (2017),532,Input,reliable,0,3826525,0
Levesque et al. (2017),532,Target,rely,2,3826525,0.0005226674332
Levesque et al. (2017),533,Input,teach,162,3826525,0.04233606209
Levesque et al. (2017),533,Target,teacher,418,3826525,0.1092374935
Levesque et al. (2017),534,Input,acceptance,0,3826525,0
Levesque et al. (2017),534,Target,accept,5,3826525,0.001306668583
Levesque et al. (2017),535,Input,profit,1,3826525,0.0002613337166
Levesque et al. (2017),535,Target,profitable,0,3826525,0
Levesque et al. (2017),536,Input,continuous,2,3826525,0.0005226674332
Levesque et al. (2017),536,Target,continue,21,3826525,0.005488008049
Levesque et al. (2017),537,Input,major,0,3826525,0
Levesque et al. (2017),537,Target,majority,1,3826525,0.0002613337166
Levesque et al. (2017),538,Input,difference,116,3826525,0.03031471113
Levesque et al. (2017),538,Target,differ,1,3826525,0.0002613337166
Levesque et al. (2017),539,Input,remark,0,3826525,0
Levesque et al. (2017),539,Target,remarkable,3,3826525,0.0007840011499
Levesque et al. (2017),540,Input,reduction,6,3826525,0.0015680023
Levesque et al. (2017),540,Target,reduce,2,3826525,0.0005226674332
Levesque et al. (2017),541,Input,revise,0,3826525,0
Levesque et al. (2017),541,Target,revision,0,3826525,0
Levesque et al. (2017),542,Input,runner,10,3826525,0.002613337166
Levesque et al. (2017),542,Target,run,855,3826525,0.2234403277
Levesque et al. (2017),543,Input,equal,4,3826525,0.001045334866
Levesque et al. (2017),543,Target,equality,0,3826525,0
Levesque et al. (2017),544,Input,election,7,3826525,0.001829336016
Levesque et al. (2017),544,Target,elect,1,3826525,0.0002613337166
Levesque et al. (2017),545,Input,express,28,3826525,0.007317344065
Levesque et al. (2017),545,Target,expression,14,3826525,0.003658672033
Levesque et al. (2017),546,Input,width,0,3826525,0
Levesque et al. (2017),546,Target,wide,175,3826525,0.04573340041
Levesque et al. (2017),547,Input,perform,11,3826525,0.002874670883
Levesque et al. (2017),547,Target,performance,9,3826525,0.00235200345
Levesque et al. (2017),548,Input,dryer,50,3826525,0.01306668583
Levesque et al. (2017),548,Target,dry,446,3826525,0.1165548376
Levesque et al. (2017),549,Input,adventure,20,3826525,0.005226674332
Levesque et al. (2017),549,Target,adventurous,1,3826525,0.0002613337166
Levesque et al. (2017),550,Input,admission,3,3826525,0.0007840011499
Levesque et al. (2017),550,Target,admit,15,3826525,0.003920005749
Levesque et al. (2017),551,Input,active,5,3826525,0.001306668583
Levesque et al. (2017),551,Target,activity,13,3826525,0.003397338316
Levesque et al. (2017),552,Input,decision,20,3826525,0.005226674332
Levesque et al. (2017),552,Target,decide,130,3826525,0.03397338316
Levesque et al. (2017),553,Input,humor,5,3826525,0.001306668583
Levesque et al. (2017),553,Target,humorous,2,3826525,0.0005226674332
Levesque et al. (2017),554,Input,division,2,3826525,0.0005226674332
Levesque et al. (2017),554,Target,divide,4,3826525,0.001045334866
Levesque et al. (2017),555,Input,human,42,3826525,0.0109760161
Levesque et al. (2017),555,Target,humanity,0,3826525,0
Levesque et al. (2017),556,Input,agreeable,4,3826525,0.001045334866
Levesque et al. (2017),556,Target,agree,33,3826525,0.008624012649
Levesque et al. (2017),557,Input,glory,12,3826525,0.003136004599
Levesque et al. (2017),557,Target,glorious,4,3826525,0.001045334866
Levesque et al. (2017),558,Input,discussion,13,3826525,0.003397338316
Levesque et al. (2017),558,Target,discuss,12,3826525,0.003136004599
Levesque et al. (2017),559,Input,mystery,16,3826525,0.004181339466
Levesque et al. (2017),559,Target,mysterious,10,3826525,0.002613337166
Levesque et al. (2017),560,Input,description,2,3826525,0.0005226674332
Levesque et al. (2017),560,Target,describe,21,3826525,0.005488008049
Tong et al. (2013),561,Input,strong,259,3826525,0.06768543261
Tong et al. (2013),561,Target,strongest,3,3826525,0.0007840011499
Tong et al. (2013),562,Input,chill,5,3826525,0.001306668583
Tong et al. (2013),562,Target,chilly,42,3826525,0.0109760161
Tong et al. (2013),563,Input,write,1247,3826525,0.3258831446
Tong et al. (2013),563,Target,writer,10,3826525,0.002613337166
Tong et al. (2013),564,Input,curl,28,3826525,0.007317344065
Tong et al. (2013),564,Target,curly,36,3826525,0.009408013798
Tong et al. (2013),565,Input,store,1098,3826525,0.2869444209
Tong et al. (2013),565,Target,storage,4,3826525,0.001045334866
Tong et al. (2013),566,Input,bite,645,3826525,0.1685602472
Tong et al. (2013),566,Target,biting,95,3826525,0.02482670308
Tong et al. (2013),567,Input,goose,132,3826525,0.03449605059
Tong et al. (2013),567,Target,geese,30,3826525,0.007840011499
Tong et al. (2013),568,Input,obedient,2,3826525,0.0005226674332
Tong et al. (2013),568,Target,obedience,0,3826525,0
Tong et al. (2013),569,Input,strong,259,3826525,0.06768543261
Tong et al. (2013),569,Target,strength,11,3826525,0.002874670883
Tong et al. (2013),570,Input,clean,1330,3826525,0.3475738431
Tong et al. (2013),570,Target,cleaner,101,3826525,0.02639470538
Tong et al. (2013),571,Input,deep,131,3826525,0.03423471688
Tong et al. (2013),571,Target,depth,0,3826525,0
Tong et al. (2013),572,Input,mouse,728,3826525,0.1902509457
Tong et al. (2013),572,Target,mice,184,3826525,0.04808540386
Tong et al. (2013),573,Input,scratch,135,3826525,0.03528005174
Tong et al. (2013),573,Target,scratched,35,3826525,0.009146680082
Tong et al. (2013),574,Input,true,217,3826525,0.05670941651
Tong et al. (2013),574,Target,truth,38,3826525,0.009930681232
Tong et al. (2013),575,Input,farm,446,3826525,0.1165548376
Tong et al. (2013),575,Target,farmer,203,3826525,0.05305074447
Tong et al. (2013),576,Input,mild,4,3826525,0.001045334866
Tong et al. (2013),576,Target,mildly,1,3826525,0.0002613337166
Tong et al. (2013),577,Input,sing,1143,3826525,0.2987044381
Tong et al. (2013),577,Target,sang,78,3826525,0.0203840299
Tong et al. (2013),578,Input,science,24,3826525,0.006272009199
Tong et al. (2013),578,Target,scientist,5,3826525,0.001306668583
Tong et al. (2013),579,Input,shrink,8,3826525,0.002090669733
Tong et al. (2013),579,Target,shrinkage,0,3826525,0
Tong et al. (2013),580,Input,bold,5,3826525,0.001306668583
Tong et al. (2013),580,Target,boldly,0,3826525,0
Tong et al. (2013),581,Input,fly,648,3826525,0.1693442484
Tong et al. (2013),581,Target,flying,368,3826525,0.09617080772
Tong et al. (2011),582,Input,walk,1020,3826525,0.266560391
Tong et al. (2011),582,Target,walked,167,3826525,0.04364273068
Tong et al. (2011),583,Input,sneaker,20,3826525,0.005226674332
Tong et al. (2011),583,Target,sneakers,124,3826525,0.03240538086
Tong et al. (2011),584,Input,low,109,3826525,0.02848537511
Tong et al. (2011),584,Target,lower,33,3826525,0.008624012649
Tong et al. (2011),585,Input,stood,75,3826525,0.01960002875
Tong et al. (2011),585,Target,stand,956,3826525,0.2498350331
Tong et al. (2011),586,Input,lose,246,3826525,0.06428809429
Tong et al. (2011),586,Target,lost,553,3826525,0.1445175453
Tong et al. (2011),587,Input,say,8290,3826525,2.166456511
Tong et al. (2011),587,Target,said,5191,3826525,1.356583323
Tong et al. (2011),588,Input,child,231,3826525,0.06036808854
Tong et al. (2011),588,Target,children,715,3826525,0.1868536074
Tong et al. (2011),589,Input,kept,165,3826525,0.04312006324
Tong et al. (2011),589,Target,keep,1781,3826525,0.4654353493
Tong et al. (2011),590,Input,taller,74,3826525,0.01933869503
Tong et al. (2011),590,Target,tall,409,3826525,0.1068854901
Tong et al. (2011),591,Input,fun,1322,3826525,0.3454831734
Tong et al. (2011),591,Target,funny,1874,3826525,0.489739385
Tong et al. (2011),592,Input,bake,86,3826525,0.02247469963
Tong et al. (2011),592,Target,baker,27,3826525,0.007056010349
Tong et al. (2011),593,Input,sun,596,3826525,0.1557548951
Tong et al. (2011),593,Target,sunny,110,3826525,0.02874670883
Tong et al. (2011),594,Input,work,1849,3826525,0.483206042
Tong et al. (2011),594,Target,worker,27,3826525,0.007056010349
Tong et al. (2011),595,Input,deep,131,3826525,0.03423471688
Tong et al. (2011),595,Target,depth,0,3826525,0
Tong et al. (2011),596,Input,action,20,3826525,0.005226674332
Tong et al. (2011),596,Target,act,78,3826525,0.0203840299
Tong et al. (2011),597,Input,art,70,3826525,0.01829336016
Tong et al. (2011),597,Target,artist,43,3826525,0.01123734981
Tong et al. (2011),598,Input,wide,175,3826525,0.04573340041
Tong et al. (2011),598,Target,width,0,3826525,0
Mahony et al. (2000),599,Input,person,469,3826525,0.1225655131
Mahony et al. (2000),599,Target,personal,6,3826525,0.0015680023
Mahony et al. (2000),600,Input,allow,5,3826525,0.001306668583
Mahony et al. (2000),600,Target,allowance,18,3826525,0.004704006899
Mahony et al. (2000),601,Input,beauty,37,3826525,0.009669347515
Mahony et al. (2000),601,Target,beautiful,604,3826525,0.1578455648
Mahony et al. (2000),602,Input,region,0,3826525,0
Mahony et al. (2000),602,Target,regional,1,3826525,0.0002613337166
Mahony et al. (2000),603,Input,bag,1217,3826525,0.3180431331
Mahony et al. (2000),603,Target,baggage,4,3826525,0.001045334866
Mahony et al. (2000),604,Input,pity,6,3826525,0.0015680023
Mahony et al. (2000),604,Target,pitiful,1,3826525,0.0002613337166
Mahony et al. (2000),605,Input,parent,21,3826525,0.005488008049
Mahony et al. (2000),605,Target,parental,0,3826525,0
Mahony et al. (2000),606,Input,history,24,3826525,0.006272009199
Mahony et al. (2000),606,Target,historic,1,3826525,0.0002613337166
Mahony et al. (2000),607,Input,atom,0,3826525,0
Mahony et al. (2000),607,Target,atomic,0,3826525,0
Mahony et al. (2000),608,Input,superior,1,3826525,0.0002613337166
Mahony et al. (2000),608,Target,superiority,0,3826525,0
Mahony et al. (2000),609,Input,poet,3,3826525,0.0007840011499
Mahony et al. (2000),609,Target,poetic,1,3826525,0.0002613337166
Mahony et al. (2000),610,Input,participate,3,3826525,0.0007840011499
Mahony et al. (2000),610,Target,participation,0,3826525,0
Mahony et al. (2000),611,Input,deep,131,3826525,0.03423471688
Mahony et al. (2000),611,Target,depth,0,3826525,0
Mahony et al. (2000),612,Input,sincere,1,3826525,0.0002613337166
Mahony et al. (2000),612,Target,sincerity,0,3826525,0
Mahony et al. (2000),613,Input,supervise,0,3826525,0
Mahony et al. (2000),613,Target,supervision,3,3826525,0.0007840011499
Mahony et al. (2000),614,Input,meter,17,3826525,0.004442673183
Mahony et al. (2000),614,Target,metric,0,3826525,0
Mahony et al. (2000),615,Input,nature,19,3826525,0.004965340616
Mahony et al. (2000),615,Target,natural,40,3826525,0.01045334866
Mahony et al. (2000),616,Input,add,100,3826525,0.02613337166
Mahony et al. (2000),616,Target,addition,9,3826525,0.00235200345
Mahony et al. (2000),617,Input,associate,1,3826525,0.0002613337166
Mahony et al. (2000),617,Target,association,3,3826525,0.0007840011499
Mahony et al. (2000),618,Input,concentrate,16,3826525,0.004181339466
Mahony et al. (2000),618,Target,concentration,6,3826525,0.0015680023
Mahony et al. (2000),619,Input,divide,4,3826525,0.001045334866
Mahony et al. (2000),619,Target,division,2,3826525,0.0005226674332
Mahony et al. (2000),620,Input,relate,1,3826525,0.0002613337166
Mahony et al. (2000),620,Target,relation,0,3826525,0
Mahony et al. (2000),621,Input,decide,130,3826525,0.03397338316
Mahony et al. (2000),621,Target,decision,20,3826525,0.005226674332
Mahony et al. (2000),622,Input,reduce,2,3826525,0.0005226674332
Mahony et al. (2000),622,Target,reduction,6,3826525,0.0015680023
Mahony et al. (2000),623,Input,sign,193,3826525,0.05043740731
Mahony et al. (2000),623,Target,signature,0,3826525,0
Mahony et al. (2000),624,Input,resign,0,3826525,0
Mahony et al. (2000),624,Target,resignation,0,3826525,0
Mahony et al. (2000),625,Input,bomb,9,3826525,0.00235200345
Mahony et al. (2000),625,Target,bombard,0,3826525,0
Mahony et al. (2000),626,Input,crumb,17,3826525,0.004442673183
Mahony et al. (2000),626,Target,crumble,9,3826525,0.00235200345
Mahony et al. (2000),627,Input,sign,193,3826525,0.05043740731
Mahony et al. (2000),627,Target,signal,45,3826525,0.01176001725
Mahony et al. (2000),628,Input,knowledge,4,3826525,0.001045334866
Mahony et al. (2000),628,Target,acknowledge,1,3826525,0.0002613337166
Wolter & Pike (2015),629,Input,cook,434,3826525,0.113418833
Wolter & Pike (2015),629,Target,cookery,0,3826525,0
Wolter & Pike (2015),630,Input,equalize,0,3826525,0
Wolter & Pike (2015),630,Target,equalize,0,3826525,0
Wolter & Pike (2015),631,Input,odd,66,3826525,0.0172480253
Wolter & Pike (2015),631,Target,oddity,0,3826525,0
Wolter & Pike (2015),632,Input,odor,2,3826525,0.0005226674332
Wolter & Pike (2015),632,Target,odorous,0,3826525,0
Wolter & Pike (2015),633,Input,puzzle,810,3826525,0.2116803105
Wolter & Pike (2015),633,Target,puzzlement,0,3826525,0
Wolter & Pike (2015),634,Input,secret,119,3826525,0.03109871228
Wolter & Pike (2015),634,Target,secretive,0,3826525,0
Wolter & Pike (2015),635,Input,wish,238,3826525,0.06219742456
Wolter & Pike (2015),635,Target,wishful,3,3826525,0.0007840011499
Wolter & Pike (2015),636,Input,ocean,207,3826525,0.05409607934
Wolter & Pike (2015),636,Target,oceanaut,0,3826525,0
Wolter & Pike (2015),637,Input,yellow,1791,3826525,0.4680486865
Wolter & Pike (2015),637,Target,yellowing,0,3826525,0
Wolter & Pike (2015),638,Input,cover,353,3826525,0.09225080197
Wolter & Pike (2015),638,Target,coverlet,0,3826525,0
Wolter & Pike (2015),639,Input,crazy,210,3826525,0.05488008049
Wolter & Pike (2015),639,Target,craziness,2,3826525,0.0005226674332
Wolter & Pike (2015),640,Input,pay,239,3826525,0.06245875827
Wolter & Pike (2015),640,Target,payee,0,3826525,0
Wolter & Pike (2015),641,Input,touch,890,3826525,0.2325870078
Wolter & Pike (2015),641,Target,touchily,0,3826525,0
Wolter & Pike (2015),642,Input,game,1076,3826525,0.2811950791
Wolter & Pike (2015),642,Target,gaming,0,3826525,0
Wolter & Pike (2015),643,Input,guess,1427,3826525,0.3729232136
Wolter & Pike (2015),643,Target,guesser,0,3826525,0
Wolter & Pike (2015),644,Input,age,85,3826525,0.02221336591
Wolter & Pike (2015),644,Target,ageist,0,3826525,0
Nagy et al. (2003),645,Input,climber,5,3826525,0.001306668583
Nagy et al. (2003),645,Target,climb,313,3826525,0.0817974533
Nagy et al. (2003),646,Input,personal,6,3826525,0.0015680023
Nagy et al. (2003),646,Target,person,469,3826525,0.1225655131
Nagy et al. (2003),647,Input,sunny,110,3826525,0.02874670883
Nagy et al. (2003),647,Target,sun,596,3826525,0.1557548951
Nagy et al. (2003),648,Input,flight,8,3826525,0.002090669733
Nagy et al. (2003),648,Target,fly,648,3826525,0.1693442484
Nagy et al. (2003),649,Input,relative,3,3826525,0.0007840011499
Nagy et al. (2003),649,Target,relate,1,3826525,0.0002613337166
Nagy et al. (2003),650,Input,rainy,26,3826525,0.006794676632
Nagy et al. (2003),650,Target,rain,334,3826525,0.08728546135
Nagy et al. (2003),651,Input,depth,0,3826525,0
Nagy et al. (2003),651,Target,deep,131,3826525,0.03423471688
Nagy et al. (2003),652,Input,battle,16,3826525,0.004181339466
Nagy et al. (2003),652,Target,bat,192,3826525,0.05017607359
Nagy et al. (2003),653,Input,reasonable,8,3826525,0.002090669733
Nagy et al. (2003),653,Target,reason,207,3826525,0.05409607934
Nagy et al. (2003),654,Input,adorable,5,3826525,0.001306668583
Nagy et al. (2003),654,Target,adore,3,3826525,0.0007840011499
Nagy et al. (2003),655,Input,national,5,3826525,0.001306668583
Nagy et al. (2003),655,Target,nation,5,3826525,0.001306668583
Nagy et al. (2003),656,Input,imaginary,4,3826525,0.001045334866
Nagy et al. (2003),656,Target,imagine,67,3826525,0.01750935901
Nagy et al. (2003),657,Input,thinker,0,3826525,0
Nagy et al. (2003),657,Target,think,15015,3826525,3.923925755
Nagy et al. (2003),658,Input,laughter,9,3826525,0.00235200345
Nagy et al. (2003),658,Target,laugh,133,3826525,0.03475738431
Nagy et al. (2003),659,Input,global,0,3826525,0
Nagy et al. (2003),659,Target,globe,15,3826525,0.003920005749
Nagy et al. (2003),660,Input,movement,10,3826525,0.002613337166
Nagy et al. (2003),660,Target,move,1464,3826525,0.3825925611
Nagy et al. (2003),661,Input,tension,0,3826525,0
Nagy et al. (2003),661,Target,tense,5,3826525,0.001306668583
Nagy et al. (2003),662,Input,reality,0,3826525,0
Nagy et al. (2003),662,Target,real,989,3826525,0.2584590457
Nagy et al. (2003),663,Input,sanity,0,3826525,0
Nagy et al. (2003),663,Target,sane,1,3826525,0.0002613337166
Nagy et al. (2003),664,Input,donation,0,3826525,0
Nagy et al. (2003),664,Target,donate,1,3826525,0.0002613337166
Nagy et al. (2003),665,Input,dinner,919,3826525,0.2401656856
Nagy et al. (2003),665,Target,dine,0,3826525,0
Nagy et al. (2003),666,Input,twelfth,19,3826525,0.004965340616
Nagy et al. (2003),666,Target,twelve,278,3826525,0.07265077322
Nagy et al. (2003),667,Input,fortunate,1,3826525,0.0002613337166
Nagy et al. (2003),667,Target,fortune,3,3826525,0.0007840011499
Nagy et al. (2003),668,Input,painful,5,3826525,0.001306668583
Nagy et al. (2003),668,Target,pain,18,3826525,0.004704006899
Nagy et al. (2003),669,Input,decision,20,3826525,0.005226674332
Nagy et al. (2003),669,Target,decide,130,3826525,0.03397338316
Nagy et al. (2003),670,Input,musical,35,3826525,0.009146680082
Nagy et al. (2003),670,Target,music,507,3826525,0.1324961943
Nagy et al. (2003),671,Input,action,20,3826525,0.005226674332
Nagy et al. (2003),671,Target,act,78,3826525,0.0203840299
Nagy et al. (2003),672,Input,fifty,160,3826525,0.04181339466
Nagy et al. (2003),672,Target,five,1965,3826525,0.5135207532
Nagy et al. (2003),673,Input,permission,8,3826525,0.002090669733
Nagy et al. (2003),673,Target,permit,0,3826525,0
Nagy et al. (2003),674,Input,clarity,0,3826525,0
Nagy et al. (2003),674,Target,clear,94,3826525,0.02456536936
Nagy et al. (2003),675,Input,creative,7,3826525,0.001829336016
Nagy et al. (2003),675,Target,create,3,3826525,0.0007840011499
Nagy et al. (2003),676,Input,loyalty,0,3826525,0
Nagy et al. (2003),676,Target,loyal,4,3826525,0.001045334866
Nagy et al. (2003),677,Input,ability,4,3826525,0.001045334866
Nagy et al. (2003),677,Target,able,403,3826525,0.1053174878
Nagy et al. (2003),678,Input,criminal,2,3826525,0.0005226674332
Nagy et al. (2003),678,Target,crime,1,3826525,0.0002613337166
Nagy et al. (2003),679,Input,reliable,0,3826525,0
Nagy et al. (2003),679,Target,rely,2,3826525,0.0005226674332
Nagy et al. (2003),680,Input,education,8,3826525,0.002090669733
Nagy et al. (2003),680,Target,educate,0,3826525,0
Nagy et al. (2003),681,Input,election,7,3826525,0.001829336016
Nagy et al. (2003),681,Target,elect,1,3826525,0.0002613337166
Nagy et al. (2003),682,Input,deadly,0,3826525,0
Nagy et al. (2003),682,Target,dead,184,3826525,0.04808540386
James et al. (2021),683,Input,lemon,148,3826525,0.03867739006
James et al. (2021),683,Target,lemons,16,3826525,0.004181339466
James et al. (2021),684,Input,ride,1255,3826525,0.3279738144
James et al. (2021),684,Target,rides,117,3826525,0.03057604484
James et al. (2021),685,Input,call,1627,3826525,0.4251899569
James et al. (2021),685,Target,calls,110,3826525,0.02874670883
James et al. (2021),686,Input,bend,94,3826525,0.02456536936
James et al. (2021),686,Target,bent,40,3826525,0.01045334866
James et al. (2021),687,Input,drop,287,3826525,0.07500277667
James et al. (2021),687,Target,dropped,307,3826525,0.080229451
James et al. (2021),688,Input,elf,7,3826525,0.001829336016
James et al. (2021),688,Target,elves,22,3826525,0.005749341766
James et al. (2021),689,Input,beach,560,3826525,0.1463468813
James et al. (2021),689,Target,beaches,6,3826525,0.0015680023
James et al. (2021),690,Input,nod,15,3826525,0.003920005749
James et al. (2021),690,Target,nodded,10,3826525,0.002613337166
James et al. (2021),691,Input,think,15015,3826525,3.923925755
James et al. (2021),691,Target,thought,1871,3826525,0.4889553838
James et al. (2021),692,Input,tooth,154,3826525,0.04024539236
James et al. (2021),692,Target,teeth,786,3826525,0.2054083013
James et al. (2021),693,Input,lose,246,3826525,0.06428809429
James et al. (2021),693,Target,loses,12,3826525,0.003136004599
James et al. (2021),694,Input,cross,128,3826525,0.03345071573
James et al. (2021),694,Target,crosses,4,3826525,0.001045334866
James et al. (2021),695,Input,danger,51,3826525,0.01332801955
James et al. (2021),695,Target,dangerous,139,3826525,0.03632538661
James et al. (2021),696,Input,magic,260,3826525,0.06794676632
James et al. (2021),696,Target,magician,11,3826525,0.002874670883
James et al. (2021),697,Input,electric,48,3826525,0.0125440184
James et al. (2021),697,Target,electricity,49,3826525,0.01280535211
James et al. (2021),698,Input,please,2882,3826525,0.7531637713
James et al. (2021),698,Target,pleasing,2,3826525,0.0005226674332
James et al. (2021),699,Input,dark,410,3826525,0.1071468238
James et al. (2021),699,Target,darkness,7,3826525,0.001829336016
James et al. (2021),700,Input,art,70,3826525,0.01829336016
James et al. (2021),700,Target,artist,43,3826525,0.01123734981
James et al. (2021),701,Input,ocean,207,3826525,0.05409607934
James et al. (2021),701,Target,oceanic,0,3826525,0
James et al. (2021),702,Input,act,78,3826525,0.0203840299
James et al. (2021),702,Target,activity,13,3826525,0.003397338316
James et al. (2021),703,Input,work,1849,3826525,0.483206042
James et al. (2021),703,Target,worker,27,3826525,0.007056010349
James et al. (2021),704,Input,wash,920,3826525,0.2404270193
James et al. (2021),704,Target,washable,11,3826525,0.002874670883
Nagy et al. (2006),645,Input,climber,5,3826525,0.001306668583
Nagy et al. (2006),645,Target,climb,313,3826525,0.0817974533
Nagy et al. (2006),646,Input,personal,6,3826525,0.0015680023
Nagy et al. (2006),646,Target,person,469,3826525,0.1225655131
Nagy et al. (2006),647,Input,sunny,110,3826525,0.02874670883
Nagy et al. (2006),647,Target,sun,596,3826525,0.1557548951
Nagy et al. (2006),648,Input,flight,8,3826525,0.002090669733
Nagy et al. (2006),648,Target,fly,648,3826525,0.1693442484
Nagy et al. (2006),649,Input,relative,3,3826525,0.0007840011499
Nagy et al. (2006),649,Target,relate,1,3826525,0.0002613337166
Nagy et al. (2006),650,Input,rainy,26,3826525,0.006794676632
Nagy et al. (2006),650,Target,rain,334,3826525,0.08728546135
Nagy et al. (2006),651,Input,depth,0,3826525,0
Nagy et al. (2006),651,Target,deep,131,3826525,0.03423471688
Nagy et al. (2006),652,Input,battle,16,3826525,0.004181339466
Nagy et al. (2006),652,Target,bat,192,3826525,0.05017607359
Nagy et al. (2006),653,Input,reasonable,8,3826525,0.002090669733
Nagy et al. (2006),653,Target,reason,207,3826525,0.05409607934
Nagy et al. (2006),654,Input,adorable,5,3826525,0.001306668583
Nagy et al. (2006),654,Target,adore,3,3826525,0.0007840011499
Nagy et al. (2006),655,Input,national,5,3826525,0.001306668583
Nagy et al. (2006),655,Target,nation,5,3826525,0.001306668583
Nagy et al. (2006),656,Input,imaginary,4,3826525,0.001045334866
Nagy et al. (2006),656,Target,imagine,67,3826525,0.01750935901
Nagy et al. (2006),657,Input,thinker,0,3826525,0
Nagy et al. (2006),657,Target,think,15015,3826525,3.923925755
Nagy et al. (2006),658,Input,laughter,9,3826525,0.00235200345
Nagy et al. (2006),658,Target,laugh,133,3826525,0.03475738431
Nagy et al. (2006),659,Input,global,0,3826525,0
Nagy et al. (2006),659,Target,globe,15,3826525,0.003920005749
Nagy et al. (2006),660,Input,movement,10,3826525,0.002613337166
Nagy et al. (2006),660,Target,move,1464,3826525,0.3825925611
Nagy et al. (2006),661,Input,tension,0,3826525,0
Nagy et al. (2006),661,Target,tense,5,3826525,0.001306668583
Nagy et al. (2006),662,Input,reality,0,3826525,0
Nagy et al. (2006),662,Target,real,989,3826525,0.2584590457
Nagy et al. (2006),663,Input,sanity,0,3826525,0
Nagy et al. (2006),663,Target,sane,1,3826525,0.0002613337166
Nagy et al. (2006),664,Input,donation,0,3826525,0
Nagy et al. (2006),664,Target,donate,1,3826525,0.0002613337166
Nagy et al. (2006),665,Input,dinner,919,3826525,0.2401656856
Nagy et al. (2006),665,Target,dine,0,3826525,0
Nagy et al. (2006),666,Input,twelfth,19,3826525,0.004965340616
Nagy et al. (2006),666,Target,twelve,278,3826525,0.07265077322
Nagy et al. (2006),667,Input,fortunate,1,3826525,0.0002613337166
Nagy et al. (2006),667,Target,fortune,3,3826525,0.0007840011499
Nagy et al. (2006),668,Input,painful,5,3826525,0.001306668583
Nagy et al. (2006),668,Target,pain,18,3826525,0.004704006899
Nagy et al. (2006),669,Input,decision,20,3826525,0.005226674332
Nagy et al. (2006),669,Target,decide,130,3826525,0.03397338316
Nagy et al. (2006),670,Input,musical,35,3826525,0.009146680082
Nagy et al. (2006),670,Target,music,507,3826525,0.1324961943
Nagy et al. (2006),671,Input,action,20,3826525,0.005226674332
Nagy et al. (2006),671,Target,act,78,3826525,0.0203840299
Nagy et al. (2006),672,Input,fifty,160,3826525,0.04181339466
Nagy et al. (2006),672,Target,five,1965,3826525,0.5135207532
Nagy et al. (2006),673,Input,permission,8,3826525,0.002090669733
Nagy et al. (2006),673,Target,permit,0,3826525,0
Nagy et al. (2006),674,Input,clarity,0,3826525,0
Nagy et al. (2006),674,Target,clear,94,3826525,0.02456536936
Nagy et al. (2006),675,Input,creative,7,3826525,0.001829336016
Nagy et al. (2006),675,Target,create,3,3826525,0.0007840011499
Nagy et al. (2006),676,Input,loyalty,0,3826525,0
Nagy et al. (2006),676,Target,loyal,4,3826525,0.001045334866
Nagy et al. (2006),677,Input,ability,4,3826525,0.001045334866
Nagy et al. (2006),677,Target,able,403,3826525,0.1053174878
Nagy et al. (2006),678,Input,criminal,2,3826525,0.0005226674332
Nagy et al. (2006),678,Target,crime,1,3826525,0.0002613337166
Nagy et al. (2006),679,Input,reliable,0,3826525,0
Nagy et al. (2006),679,Target,rely,2,3826525,0.0005226674332
Nagy et al. (2006),680,Input,education,8,3826525,0.002090669733
Nagy et al. (2006),680,Target,educate,0,3826525,0
Nagy et al. (2006),681,Input,election,7,3826525,0.001829336016
Nagy et al. (2006),681,Target,elect,1,3826525,0.0002613337166
Nagy et al. (2006),682,Input,deadly,0,3826525,0
Nagy et al. (2006),682,Target,dead,184,3826525,0.04808540386