Reference,Item number,Type,Word,Books Count,Books Total Count,Books Frequency per 1000 words
Apel et al. (2012),1,Input,farm,52,199877,0.26015999839901544
Apel et al. (2012),1,Target,farmer,52,199877,0.26015999839901544
Apel et al. (2012),2,Input,ill,1,199877,0.005003076892288758
Apel et al. (2012),2,Target,illness,0,199877,0.0
Apel et al. (2012),3,Input,quick,35,199877,0.17510769123010653
Apel et al. (2012),3,Target,quickly,34,199877,0.17010461433781776
Apel et al. (2012),4,Input,nerve,0,199877,0.0
Apel et al. (2012),4,Target,nervous,5,199877,0.025015384461443788
Apel et al. (2012),5,Input,five,79,199877,0.3952430744908118
Apel et al. (2012),5,Target,fifth,2,199877,0.010006153784577516
Apel et al. (2012),6,Input,swim,27,199877,0.13508307609179646
Apel et al. (2012),6,Target,swimming,11,199877,0.055033845815176334
Apel et al. (2012),7,Input,victory,0,199877,0.0
Apel et al. (2012),7,Target,victorious,1,199877,0.005003076892288758
Apel et al. (2012),8,Input,music,17,199877,0.08505230716890888
Apel et al. (2012),8,Target,musician,0,199877,0.0
Apel et al. (2012),9,Input,accept,3,199877,0.015009230676866273
Apel et al. (2012),9,Target,acceptable,0,199877,0.0
Apel et al. (2012),10,Input,begin,20,199877,0.10006153784577515
Apel et al. (2012),10,Target,beginning,7,199877,0.035021538246021305
Apel et al. (2012),11,Input,long,216,199877,1.0806646087343716
Apel et al. (2012),11,Target,length,2,199877,0.010006153784577516
Apel et al. (2012),12,Input,friend,109,199877,0.5453353812594746
Apel et al. (2012),12,Target,friendly,15,199877,0.07504615338433136
Apel et al. (2012),13,Input,warm,70,199877,0.35021538246021305
Apel et al. (2012),13,Target,warmth,2,199877,0.010006153784577516
Apel et al. (2012),14,Input,teach,16,199877,0.08004923027662013
Apel et al. (2012),14,Target,teacher,31,199877,0.1550953836609515
Apel et al. (2012),15,Input,permit,0,199877,0.0
Apel et al. (2012),15,Target,permission,0,199877,0.0
Apel et al. (2012),16,Input,appear,3,199877,0.015009230676866273
Apel et al. (2012),16,Target,appearance,0,199877,0.0
Apel et al. (2012),17,Input,remark,0,199877,0.0
Apel et al. (2012),17,Target,remarkable,0,199877,0.0
Apel et al. (2012),18,Input,protect,4,199877,0.020012307569155032
Apel et al. (2012),18,Target,protection,0,199877,0.0
Apel et al. (2012),19,Input,revise,0,199877,0.0
Apel et al. (2012),19,Target,revision,0,199877,0.0
Apel et al. (2012),20,Input,deep,66,199877,0.330203074891058
Apel et al. (2012),20,Target,depth,2,199877,0.010006153784577516
Apel et al. (2012),21,Input,active,1,199877,0.005003076892288758
Apel et al. (2012),21,Target,activity,1,199877,0.005003076892288758
Apel et al. (2012),22,Input,wash,15,199877,0.07504615338433136
Apel et al. (2012),22,Target,washer,0,199877,0.0
Carlisle (2000),25,Input,warm,70,199877,0.35021538246021305
Carlisle (2000),25,Target,warmth,2,199877,0.010006153784577516
Carlisle (2000),26,Input,teach,16,199877,0.08004923027662013
Carlisle (2000),26,Target,teacher,31,199877,0.1550953836609515
Carlisle (2000),27,Input,permit,0,199877,0.0
Carlisle (2000),27,Target,permission,0,199877,0.0
Carlisle (2000),28,Input,profit,1,199877,0.005003076892288758
Carlisle (2000),28,Target,profitable,0,199877,0.0
Carlisle (2000),29,Input,appear,3,199877,0.015009230676866273
Carlisle (2000),29,Target,appearance,0,199877,0.0
Carlisle (2000),30,Input,express,1,199877,0.005003076892288758
Carlisle (2000),30,Target,expression,0,199877,0.0
Carlisle (2000),31,Input,four,97,199877,0.4852984585520095
Carlisle (2000),31,Target,fourth,6,199877,0.030018461353732546
Carlisle (2000),32,Input,remark,0,199877,0.0
Carlisle (2000),32,Target,remarkable,0,199877,0.0
Carlisle (2000),33,Input,protect,4,199877,0.020012307569155032
Carlisle (2000),33,Target,protection,0,199877,0.0
Carlisle (2000),34,Input,perform,2,199877,0.010006153784577516
Carlisle (2000),34,Target,performance,3,199877,0.015009230676866273
Carlisle (2000),35,Input,expand,0,199877,0.0
Carlisle (2000),35,Target,expansion,0,199877,0.0
Carlisle (2000),36,Input,revise,0,199877,0.0
Carlisle (2000),36,Target,revision,0,199877,0.0
Carlisle (2000),37,Input,reason,7,199877,0.035021538246021305
Carlisle (2000),37,Target,reasonable,0,199877,0.0
Carlisle (2000),38,Input,major,2,199877,0.010006153784577516
Carlisle (2000),38,Target,majority,0,199877,0.0
Carlisle (2000),39,Input,deep,66,199877,0.330203074891058
Carlisle (2000),39,Target,depth,2,199877,0.010006153784577516
Carlisle (2000),40,Input,equal,0,199877,0.0
Carlisle (2000),40,Target,equality,0,199877,0.0
Carlisle (2000),41,Input,long,216,199877,1.0806646087343716
Carlisle (2000),41,Target,length,2,199877,0.010006153784577516
Carlisle (2000),42,Input,adventure,7,199877,0.035021538246021305
Carlisle (2000),42,Target,adventurous,2,199877,0.010006153784577516
Carlisle (2000),43,Input,absorb,0,199877,0.0
Carlisle (2000),43,Target,absorption,0,199877,0.0
Carlisle (2000),44,Input,active,1,199877,0.005003076892288758
Carlisle (2000),44,Target,activity,1,199877,0.005003076892288758
Carlisle (2000),45,Input,swim,27,199877,0.13508307609179646
Carlisle (2000),45,Target,swimmer,0,199877,0.0
Carlisle (2000),46,Input,human,0,199877,0.0
Carlisle (2000),46,Target,humanity,0,199877,0.0
Carlisle (2000),47,Input,wash,15,199877,0.07504615338433136
Carlisle (2000),47,Target,washer,0,199877,0.0
Carlisle (2000),48,Input,humor,0,199877,0.0
Carlisle (2000),48,Target,humorous,0,199877,0.0
Carlisle (2000),49,Input,assist,0,199877,0.0
Carlisle (2000),49,Target,assistance,0,199877,0.0
Carlisle (2000),50,Input,mystery,3,199877,0.015009230676866273
Carlisle (2000),50,Target,mysterious,3,199877,0.015009230676866273
Carlisle (2000),51,Input,produce,0,199877,0.0
Carlisle (2000),51,Target,production,0,199877,0.0
Carlisle (2000),52,Input,glory,9,199877,0.045027692030598816
Carlisle (2000),52,Target,glorious,2,199877,0.010006153784577516
Carlisle (2000),53,Input,driver,37,199877,0.18511384501468403
Carlisle (2000),53,Target,drive,27,199877,0.13508307609179646
Carlisle (2000),54,Input,improvement,1,199877,0.005003076892288758
Carlisle (2000),54,Target,improve,0,199877,0.0
Carlisle (2000),55,Input,growth,0,199877,0.0
Carlisle (2000),55,Target,grow,41,199877,0.20512615258383907
Carlisle (2000),56,Input,dryer,0,199877,0.0
Carlisle (2000),56,Target,dry,19,199877,0.0950584609534864
Carlisle (2000),57,Input,variable,0,199877,0.0
Carlisle (2000),57,Target,vary,0,199877,0.0
Carlisle (2000),58,Input,width,0,199877,0.0
Carlisle (2000),58,Target,wide,39,199877,0.19511999879926153
Carlisle (2000),59,Input,density,0,199877,0.0
Carlisle (2000),59,Target,dense,0,199877,0.0
Carlisle (2000),60,Input,discussion,1,199877,0.005003076892288758
Carlisle (2000),60,Target,discuss,0,199877,0.0
Carlisle (2000),61,Input,famous,5,199877,0.025015384461443788
Carlisle (2000),61,Target,fame,2,199877,0.010006153784577516
Carlisle (2000),62,Input,description,0,199877,0.0
Carlisle (2000),62,Target,describe,0,199877,0.0
Carlisle (2000),63,Input,fifth,2,199877,0.010006153784577516
Carlisle (2000),63,Target,five,79,199877,0.3952430744908118
Carlisle (2000),64,Input,election,0,199877,0.0
Carlisle (2000),64,Target,elect,0,199877,0.0
Carlisle (2000),65,Input,strength,1,199877,0.005003076892288758
Carlisle (2000),65,Target,strong,42,199877,0.21012922947612783
Carlisle (2000),66,Input,decision,1,199877,0.005003076892288758
Carlisle (2000),66,Target,decide,8,199877,0.040024615138310064
Carlisle (2000),67,Input,popularity,0,199877,0.0
Carlisle (2000),67,Target,popular,2,199877,0.010006153784577516
Carlisle (2000),68,Input,runner,0,199877,0.0
Carlisle (2000),68,Target,run,76,199877,0.3802338438139456
Carlisle (2000),69,Input,publicity,0,199877,0.0
Carlisle (2000),69,Target,public,2,199877,0.010006153784577516
Carlisle (2000),70,Input,difference,2,199877,0.010006153784577516
Carlisle (2000),70,Target,differ,0,199877,0.0
Carlisle (2000),71,Input,originality,0,199877,0.0
Carlisle (2000),71,Target,original,1,199877,0.005003076892288758
Carlisle (2000),72,Input,agreeable,1,199877,0.005003076892288758
Carlisle (2000),72,Target,agree,3,199877,0.015009230676866273
Carlisle (2000),73,Input,courageous,1,199877,0.005003076892288758
Carlisle (2000),73,Target,courage,1,199877,0.005003076892288758
Carlisle (2000),74,Input,admission,0,199877,0.0
Carlisle (2000),74,Target,admit,0,199877,0.0
Carlisle (2000),75,Input,dangerous,12,199877,0.06003692270746509
Carlisle (2000),75,Target,danger,7,199877,0.035021538246021305
Carlisle (2000),76,Input,reduction,0,199877,0.0
Carlisle (2000),76,Target,reduce,0,199877,0.0
Carlisle (2000),77,Input,baker,16,199877,0.08004923027662013
Carlisle (2000),77,Target,bake,6,199877,0.030018461353732546
Carlisle (2000),78,Input,division,0,199877,0.0
Carlisle (2000),78,Target,divide,0,199877,0.0
Carlisle (2000),79,Input,guidance,0,199877,0.0
Carlisle (2000),79,Target,guide,1,199877,0.005003076892288758
Carlisle (2000),80,Input,continuous,0,199877,0.0
Carlisle (2000),80,Target,continue,0,199877,0.0
Carlisle (2000),81,Input,reliable,1,199877,0.005003076892288758
Carlisle (2000),81,Target,rely,0,199877,0.0
Carlisle (2000),82,Input,acceptance,0,199877,0.0
Carlisle (2000),82,Target,accept,3,199877,0.015009230676866273
Kieffer & Lesaux (2008),85,Input,growth,0,199877,0.0
Kieffer & Lesaux (2008),85,Target,grow,41,199877,0.20512615258383907
Kieffer & Lesaux (2008),86,Input,dryer,0,199877,0.0
Kieffer & Lesaux (2008),86,Target,dry,19,199877,0.0950584609534864
Kieffer & Lesaux (2008),87,Input,width,0,199877,0.0
Kieffer & Lesaux (2008),87,Target,wide,39,199877,0.19511999879926153
Kieffer & Lesaux (2008),88,Input,density,0,199877,0.0
Kieffer & Lesaux (2008),88,Target,dense,0,199877,0.0
Kieffer & Lesaux (2008),89,Input,discussion,1,199877,0.005003076892288758
Kieffer & Lesaux (2008),89,Target,discuss,0,199877,0.0
Kieffer & Lesaux (2008),90,Input,famous,5,199877,0.025015384461443788
Kieffer & Lesaux (2008),90,Target,fame,2,199877,0.010006153784577516
Kieffer & Lesaux (2008),91,Input,fifth,2,199877,0.010006153784577516
Kieffer & Lesaux (2008),91,Target,five,79,199877,0.3952430744908118
Kieffer & Lesaux (2008),92,Input,strength,1,199877,0.005003076892288758
Kieffer & Lesaux (2008),92,Target,strong,42,199877,0.21012922947612783
Kieffer & Lesaux (2008),93,Input,decision,1,199877,0.005003076892288758
Kieffer & Lesaux (2008),93,Target,decide,8,199877,0.040024615138310064
Kieffer & Lesaux (2008),94,Input,popularity,0,199877,0.0
Kieffer & Lesaux (2008),94,Target,popular,2,199877,0.010006153784577516
Kieffer & Lesaux (2008),95,Input,runner,0,199877,0.0
Kieffer & Lesaux (2008),95,Target,run,76,199877,0.3802338438139456
Kieffer & Lesaux (2008),96,Input,availability,0,199877,0.0
Kieffer & Lesaux (2008),96,Target,available,0,199877,0.0
Kieffer & Lesaux (2008),97,Input,glorious,2,199877,0.010006153784577516
Kieffer & Lesaux (2008),97,Target,glory,9,199877,0.045027692030598816
Kieffer & Lesaux (2008),98,Input,originality,0,199877,0.0
Kieffer & Lesaux (2008),98,Target,original,1,199877,0.005003076892288758
Kieffer & Lesaux (2008),99,Input,courageous,1,199877,0.005003076892288758
Kieffer & Lesaux (2008),99,Target,courage,1,199877,0.005003076892288758
Kieffer & Lesaux (2008),100,Input,admission,0,199877,0.0
Kieffer & Lesaux (2008),100,Target,admit,0,199877,0.0
Kieffer & Lesaux (2008),101,Input,baker,16,199877,0.08004923027662013
Kieffer & Lesaux (2008),101,Target,bake,6,199877,0.030018461353732546
Kieffer & Lesaux (2008),102,Input,division,0,199877,0.0
Kieffer & Lesaux (2008),102,Target,divide,0,199877,0.0
Kieffer & Lesaux (2008),103,Input,fourth,6,199877,0.030018461353732546
Kieffer & Lesaux (2008),103,Target,four,97,199877,0.4852984585520095
Kieffer & Lesaux (2008),104,Input,continuous,0,199877,0.0
Kieffer & Lesaux (2008),104,Target,continue,0,199877,0.0
Kieffer & Lesaux (2008),105,Input,swimmer,0,199877,0.0
Kieffer & Lesaux (2008),105,Target,swim,27,199877,0.13508307609179646
Kieffer & Lesaux (2008),106,Input,furious,4,199877,0.020012307569155032
Kieffer & Lesaux (2008),106,Target,fury,0,199877,0.0
Kieffer & Lesaux (2008),107,Input,teacher,31,199877,0.1550953836609515
Kieffer & Lesaux (2008),107,Target,teach,16,199877,0.08004923027662013
Kieffer & Lesaux (2008),108,Input,activity,1,199877,0.005003076892288758
Kieffer & Lesaux (2008),108,Target,active,1,199877,0.005003076892288758
Kieffer & Lesaux (2008),109,Input,possession,0,199877,0.0
Kieffer & Lesaux (2008),109,Target,possess,1,199877,0.005003076892288758
Kruk & Bergman (2013),110,Input,needed,29,199877,0.145089229876374
Kruk & Bergman (2013),110,Target,need,137,199877,0.6854215342435599
Kruk & Bergman (2013),111,Input,owner,2,199877,0.010006153784577516
Kruk & Bergman (2013),111,Target,own,97,199877,0.4852984585520095
Kruk & Bergman (2013),112,Input,decision,1,199877,0.005003076892288758
Kruk & Bergman (2013),112,Target,decide,8,199877,0.040024615138310064
Kruk & Bergman (2013),113,Input,flowers,27,199877,0.13508307609179646
Kruk & Bergman (2013),113,Target,flower,14,199877,0.07004307649204261
Kruk & Bergman (2013),114,Input,cutting,3,199877,0.015009230676866273
Kruk & Bergman (2013),114,Target,cut,23,199877,0.11507076852264142
Kruk & Bergman (2013),115,Input,running,62,199877,0.310190767321903
Kruk & Bergman (2013),115,Target,run,76,199877,0.3802338438139456
Kruk & Bergman (2013),116,Input,walked,73,199877,0.36522461313707927
Kruk & Bergman (2013),116,Target,walk,61,199877,0.3051876904296142
Kruk & Bergman (2013),117,Input,friends,160,199877,0.8004923027662012
Kruk & Bergman (2013),117,Target,friend,109,199877,0.5453353812594746
Kruk & Bergman (2013),118,Input,wanted,96,199877,0.48029538165972074
Kruk & Bergman (2013),118,Target,want,158,199877,0.7904861489816236
Kruk & Bergman (2013),119,Input,glasses,4,199877,0.020012307569155032
Kruk & Bergman (2013),119,Target,glass,11,199877,0.055033845815176334
Kruk & Bergman (2013),120,Input,popularity,0,199877,0.0
Kruk & Bergman (2013),120,Target,popular,2,199877,0.010006153784577516
Kruk & Bergman (2013),121,Input,dirty,28,199877,0.14008615298408522
Kruk & Bergman (2013),121,Target,dirt,37,199877,0.18511384501468403
Kruk & Bergman (2013),122,Input,reader,1,199877,0.005003076892288758
Kruk & Bergman (2013),122,Target,read,53,199877,0.2651630752913042
Kruk & Bergman (2013),123,Input,babies,106,199877,0.5303261505826083
Kruk & Bergman (2013),123,Target,baby,419,199877,2.096289217868989
Kruk & Bergman (2013),124,Input,books,91,199877,0.45527999719827694
Kruk & Bergman (2013),124,Target,book,88,199877,0.4402707665214107
Kruk & Bergman (2013),125,Input,acceptance,0,199877,0.0
Kruk & Bergman (2013),125,Target,accept,3,199877,0.015009230676866273
Kruk & Bergman (2013),126,Input,growth,0,199877,0.0
Kruk & Bergman (2013),126,Target,grow,41,199877,0.20512615258383907
Kruk & Bergman (2013),127,Input,dryer,0,199877,0.0
Kruk & Bergman (2013),127,Target,dry,19,199877,0.0950584609534864
Kruk & Bergman (2013),128,Input,density,0,199877,0.0
Kruk & Bergman (2013),128,Target,dense,0,199877,0.0
Kruk & Bergman (2013),129,Input,agreement,0,199877,0.0
Kruk & Bergman (2013),129,Target,agree,3,199877,0.015009230676866273
Kruk & Bergman (2013),130,Input,believe,16,199877,0.08004923027662013
Kruk & Bergman (2013),130,Target,belief,1,199877,0.005003076892288758
Kruk & Bergman (2013),131,Input,carried,22,199877,0.11006769163035267
Kruk & Bergman (2013),131,Target,carry,10,199877,0.050030768922887575
Kruk & Bergman (2013),132,Input,strength,1,199877,0.005003076892288758
Kruk & Bergman (2013),132,Target,strong,42,199877,0.21012922947612783
Kruk & Bergman (2013),133,Input,fifth,2,199877,0.010006153784577516
Kruk & Bergman (2013),133,Target,five,79,199877,0.3952430744908118
Kruk & Bergman (2013),134,Input,leaves,35,199877,0.17510769123010653
Kruk & Bergman (2013),134,Target,leaf,16,199877,0.08004923027662013
Kruk & Bergman (2013),135,Input,discussion,1,199877,0.005003076892288758
Kruk & Bergman (2013),135,Target,discuss,0,199877,0.0
Kruk & Bergman (2013),136,Input,description,0,199877,0.0
Kruk & Bergman (2013),136,Target,describe,0,199877,0.0
Kruk & Bergman (2013),137,Input,enter,2,199877,0.010006153784577516
Kruk & Bergman (2013),137,Target,entered,2,199877,0.010006153784577516
Kruk & Bergman (2013),138,Input,sing,69,199877,0.34521230556792426
Kruk & Bergman (2013),138,Target,singer,1,199877,0.005003076892288758
Kruk & Bergman (2013),139,Input,try,77,199877,0.38523692070623433
Kruk & Bergman (2013),139,Target,tried,73,199877,0.36522461313707927
Kruk & Bergman (2013),140,Input,tree,251,199877,1.2557722999644783
Kruk & Bergman (2013),140,Target,trees,88,199877,0.4402707665214107
Kruk & Bergman (2013),141,Input,stop,127,199877,0.6353907653206722
Kruk & Bergman (2013),141,Target,stopped,65,199877,0.32519999799876925
Kruk & Bergman (2013),142,Input,egg,44,199877,0.22013538326070534
Kruk & Bergman (2013),142,Target,eggs,55,199877,0.27516922907588165
Kruk & Bergman (2013),143,Input,perform,2,199877,0.010006153784577516
Kruk & Bergman (2013),143,Target,performance,3,199877,0.015009230676866273
Kruk & Bergman (2013),144,Input,sun,155,199877,0.7754769183047574
Kruk & Bergman (2013),144,Target,sunny,23,199877,0.11507076852264142
Kruk & Bergman (2013),145,Input,car,105,199877,0.5253230736903195
Kruk & Bergman (2013),145,Target,cars,61,199877,0.3051876904296142
Kruk & Bergman (2013),146,Input,ask,44,199877,0.22013538326070534
Kruk & Bergman (2013),146,Target,asked,251,199877,1.2557722999644783
Kruk & Bergman (2013),147,Input,warm,70,199877,0.35021538246021305
Kruk & Bergman (2013),147,Target,warmth,2,199877,0.010006153784577516
Kruk & Bergman (2013),148,Input,fish,133,199877,0.6654092266744048
Kruk & Bergman (2013),148,Target,fishing,11,199877,0.055033845815176334
Kruk & Bergman (2013),149,Input,wish,43,199877,0.21513230636841657
Kruk & Bergman (2013),149,Target,wishes,5,199877,0.025015384461443788
Kruk & Bergman (2013),150,Input,come,282,199877,1.4108676836254297
Kruk & Bergman (2013),150,Target,coming,92,199877,0.4602830740905657
Kruk & Bergman (2013),151,Input,assist,0,199877,0.0
Kruk & Bergman (2013),151,Target,assistance,0,199877,0.0
Kruk & Bergman (2013),152,Input,human,0,199877,0.0
Kruk & Bergman (2013),152,Target,humanity,0,199877,0.0
Kruk & Bergman (2013),153,Input,teach,16,199877,0.08004923027662013
Kruk & Bergman (2013),153,Target,teacher,31,199877,0.1550953836609515
Kruk & Bergman (2013),154,Input,profit,1,199877,0.005003076892288758
Kruk & Bergman (2013),154,Target,profitable,0,199877,0.0
Kruk & Bergman (2013),155,Input,appear,3,199877,0.015009230676866273
Kruk & Bergman (2013),155,Target,appearance,0,199877,0.0
Kruk & Bergman (2013),156,Input,body,16,199877,0.08004923027662013
Kruk & Bergman (2013),156,Target,bodies,2,199877,0.010006153784577516
Kruk & Bergman (2013),157,Input,deep,66,199877,0.330203074891058
Kruk & Bergman (2013),157,Target,depth,2,199877,0.010006153784577516
Kruk & Bergman (2013),158,Input,life,47,199877,0.2351446139375716
Kruk & Bergman (2013),158,Target,live,39,199877,0.19511999879926153
Kruk & Bergman (2013),159,Input,dead,6,199877,0.030018461353732546
Kruk & Bergman (2013),159,Target,death,3,199877,0.015009230676866273
Kruk & Bergman (2013),160,Input,permit,0,199877,0.0
Kruk & Bergman (2013),160,Target,permission,0,199877,0.0
Kruk & Bergman (2013),161,Input,shelf,14,199877,0.07004307649204261
Kruk & Bergman (2013),161,Target,shelves,3,199877,0.015009230676866273
Kruk & Bergman (2013),162,Input,protect,4,199877,0.020012307569155032
Kruk & Bergman (2013),162,Target,protection,0,199877,0.0
Kruk & Bergman (2013),163,Input,active,1,199877,0.005003076892288758
Kruk & Bergman (2013),163,Target,activity,1,199877,0.005003076892288758
Lam (2009),167,Input,growth,0,199877,0.0
Lam (2009),167,Target,grow,41,199877,0.20512615258383907
Lam (2009),168,Input,density,0,199877,0.0
Lam (2009),168,Target,dense,0,199877,0.0
Lam (2009),169,Input,description,0,199877,0.0
Lam (2009),169,Target,describe,0,199877,0.0
Lam (2009),170,Input,runner,0,199877,0.0
Lam (2009),170,Target,run,76,199877,0.3802338438139456
Lam (2009),171,Input,jacket,9,199877,0.045027692030598816
Lam (2009),171,Target,jackets,2,199877,0.010006153784577516
Lam (2009),172,Input,skip,14,199877,0.07004307649204261
Lam (2009),172,Target,skipped,13,199877,0.06503999959975386
Lam (2009),173,Input,music,17,199877,0.08505230716890888
Lam (2009),173,Target,musician,0,199877,0.0
Lam (2009),174,Input,slow,36,199877,0.18011076812239527
Lam (2009),174,Target,slowest,0,199877,0.0
Lam (2009),175,Input,science,5,199877,0.025015384461443788
Lam (2009),175,Target,scientist,1,199877,0.005003076892288758
Lam (2009),176,Input,four,97,199877,0.4852984585520095
Lam (2009),176,Target,fourth,6,199877,0.030018461353732546
Lam (2009),177,Input,dance,38,199877,0.1901169219069728
Lam (2009),177,Target,dancer,1,199877,0.005003076892288758
Lam (2009),178,Input,art,7,199877,0.035021538246021305
Lam (2009),178,Target,artist,1,199877,0.005003076892288758
Lam (2009),179,Input,cloud,8,199877,0.040024615138310064
Lam (2009),179,Target,cloudy,4,199877,0.020012307569155032
Lam (2009),180,Input,paint,47,199877,0.2351446139375716
Lam (2009),180,Target,painter,2,199877,0.010006153784577516
Lam (2009),181,Input,curl,9,199877,0.045027692030598816
Lam (2009),181,Target,curly,3,199877,0.015009230676866273
Lam (2009),182,Input,calm,8,199877,0.040024615138310064
Lam (2009),182,Target,calmly,2,199877,0.010006153784577516
Lam (2009),183,Input,magic,64,199877,0.3201969211064805
Lam (2009),183,Target,musician,0,199877,0.0
Lam (2009),184,Input,strong,42,199877,0.21012922947612783
Lam (2009),184,Target,strength,1,199877,0.005003076892288758
Lam (2009),185,Input,discuss,0,199877,0.0
Lam (2009),185,Target,discussion,1,199877,0.005003076892288758
Lam (2009),186,Input,appear,3,199877,0.015009230676866273
Lam (2009),186,Target,appearance,0,199877,0.0
Lam (2009),187,Input,remark,0,199877,0.0
Lam (2009),187,Target,remarkable,0,199877,0.0
Lam (2009),188,Input,major,2,199877,0.010006153784577516
Lam (2009),188,Target,majority,0,199877,0.0
Lam (2009),189,Input,humour,0,199877,0.0
Lam (2009),189,Target,humorous,0,199877,0.0
Lam (2009),190,Input,mystery,3,199877,0.015009230676866273
Lam (2009),190,Target,mysterious,3,199877,0.015009230676866273
Deacon et al. (2013),192,Input,plugs,0,199877,0.0
Deacon et al. (2013),192,Target,plugged,1,199877,0.005003076892288758
Deacon et al. (2013),194,Input,chased,11,199877,0.055033845815176334
Deacon et al. (2013),194,Target,chases,3,199877,0.015009230676866273
Deacon et al. (2013),196,Input,slammed,5,199877,0.025015384461443788
Deacon et al. (2013),196,Target,slams,0,199877,0.0
Deacon et al. (2013),198,Input,feeds,4,199877,0.020012307569155032
Deacon et al. (2013),198,Target,fed,17,199877,0.08505230716890888
Deacon et al. (2013),200,Input,crept,10,199877,0.050030768922887575
Deacon et al. (2013),200,Target,creeps,3,199877,0.015009230676866273
Deacon et al. (2013),202,Input,sells,1,199877,0.005003076892288758
Deacon et al. (2013),202,Target,sold,10,199877,0.050030768922887575
Deacon et al. (2013),204,Input,ran,111,199877,0.5553415350440521
Deacon et al. (2013),204,Target,runs,12,199877,0.06003692270746509
Deacon et al. (2013),206,Input,opens,11,199877,0.055033845815176334
Deacon et al. (2013),206,Target,opened,74,199877,0.37022769002936806
Deacon et al. (2013),208,Input,strong,42,199877,0.21012922947612783
Deacon et al. (2013),208,Target,strongest,5,199877,0.025015384461443788
Deacon et al. (2013),210,Input,chill,2,199877,0.010006153784577516
Deacon et al. (2013),210,Target,chilly,1,199877,0.005003076892288758
Deacon et al. (2013),212,Input,write,14,199877,0.07004307649204261
Deacon et al. (2013),212,Target,writer,1,199877,0.005003076892288758
Deacon et al. (2013),214,Input,curl,9,199877,0.045027692030598816
Deacon et al. (2013),214,Target,curly,3,199877,0.015009230676866273
Deacon et al. (2013),216,Input,store,47,199877,0.2351446139375716
Deacon et al. (2013),216,Target,shortage,0,199877,0.0
Deacon et al. (2013),218,Input,bite,17,199877,0.08505230716890888
Deacon et al. (2013),218,Target,biting,2,199877,0.010006153784577516
Deacon et al. (2013),220,Input,goose,24,199877,0.12007384541493019
Deacon et al. (2013),220,Target,geese,6,199877,0.030018461353732546
Deacon et al. (2013),222,Input,obedient,0,199877,0.0
Deacon et al. (2013),222,Target,obedience,0,199877,0.0
Deacon et al. (2013),224,Input,strong,42,199877,0.21012922947612783
Deacon et al. (2013),224,Target,strength,1,199877,0.005003076892288758
Deacon et al. (2013),226,Input,clean,54,199877,0.2701661521835929
Deacon et al. (2013),226,Target,cleaner,2,199877,0.010006153784577516
Deacon et al. (2013),228,Input,deep,66,199877,0.330203074891058
Deacon et al. (2013),228,Target,depth,2,199877,0.010006153784577516
Deacon et al. (2013),230,Input,mouse,152,199877,0.7604676876278912
Deacon et al. (2013),230,Target,mice,18,199877,0.09005538406119763
Deacon et al. (2013),232,Input,scratch,16,199877,0.08004923027662013
Deacon et al. (2013),232,Target,scratched,7,199877,0.035021538246021305
Deacon et al. (2013),234,Input,true,48,199877,0.24014769082986037
Deacon et al. (2013),234,Target,truth,4,199877,0.020012307569155032
Deacon et al. (2013),236,Input,farm,52,199877,0.26015999839901544
Deacon et al. (2013),236,Target,farmer,52,199877,0.26015999839901544
Deacon et al. (2013),238,Input,mild,5,199877,0.025015384461443788
Deacon et al. (2013),238,Target,mildly,0,199877,0.0
Deacon et al. (2013),240,Input,sing,69,199877,0.34521230556792426
Deacon et al. (2013),240,Target,sang,61,199877,0.3051876904296142
Deacon et al. (2013),242,Input,science,5,199877,0.025015384461443788
Deacon et al. (2013),242,Target,scientist,1,199877,0.005003076892288758
Deacon et al. (2013),244,Input,shrink,0,199877,0.0
Deacon et al. (2013),244,Target,shrinkage,0,199877,0.0
Deacon et al. (2013),246,Input,bold,7,199877,0.035021538246021305
Deacon et al. (2013),246,Target,boldly,1,199877,0.005003076892288758
Deacon et al. (2013),248,Input,fly,89,199877,0.44527384341369947
Deacon et al. (2013),248,Target,flying,52,199877,0.26015999839901544
Deacon (2012),250,Input,plugs,0,199877,0.0
Deacon (2012),250,Target,plugged,1,199877,0.005003076892288758
Deacon (2012),252,Input,chased,11,199877,0.055033845815176334
Deacon (2012),252,Target,chases,3,199877,0.015009230676866273
Deacon (2012),254,Input,slammed,5,199877,0.025015384461443788
Deacon (2012),254,Target,slams,0,199877,0.0
Deacon (2012),256,Input,feeds,4,199877,0.020012307569155032
Deacon (2012),256,Target,fed,17,199877,0.08505230716890888
Deacon (2012),258,Input,crept,10,199877,0.050030768922887575
Deacon (2012),258,Target,creeps,3,199877,0.015009230676866273
Deacon (2012),260,Input,sells,1,199877,0.005003076892288758
Deacon (2012),260,Target,sold,10,199877,0.050030768922887575
Deacon (2012),262,Input,ran,111,199877,0.5553415350440521
Deacon (2012),262,Target,runs,12,199877,0.06003692270746509
Deacon (2012),264,Input,opens,11,199877,0.055033845815176334
Deacon (2012),264,Target,opened,74,199877,0.37022769002936806
Deacon et al. (2007),266,Input,shakes,3,199877,0.015009230676866273
Deacon et al. (2007),266,Target,shook,21,199877,0.10506461473806392
Deacon et al. (2007),268,Input,keeping,8,199877,0.040024615138310064
Deacon et al. (2007),268,Target,kept,53,199877,0.2651630752913042
Deacon et al. (2007),270,Input,fed,17,199877,0.08505230716890888
Deacon et al. (2007),270,Target,feeds,4,199877,0.020012307569155032
Deacon et al. (2007),272,Input,left,98,199877,0.4903015354442982
Deacon et al. (2007),272,Target,leaves,35,199877,0.17510769123010653
Deacon et al. (2007),274,Input,laughed,63,199877,0.3151938442141917
Deacon et al. (2007),274,Target,laughs,3,199877,0.015009230676866273
Deacon et al. (2007),276,Input,slams,0,199877,0.0
Deacon et al. (2007),276,Target,slammed,5,199877,0.025015384461443788
Deacon et al. (2007),278,Input,runs,12,199877,0.06003692270746509
Deacon et al. (2007),278,Target,ran,111,199877,0.5553415350440521
Deacon et al. (2014),288,Input,strong,42,199877,0.21012922947612783
Deacon et al. (2014),288,Target,strongest,5,199877,0.025015384461443788
Deacon et al. (2014),290,Input,chill,2,199877,0.010006153784577516
Deacon et al. (2014),290,Target,chilly,1,199877,0.005003076892288758
Deacon et al. (2014),292,Input,write,14,199877,0.07004307649204261
Deacon et al. (2014),292,Target,writer,1,199877,0.005003076892288758
Deacon et al. (2014),294,Input,curl,9,199877,0.045027692030598816
Deacon et al. (2014),294,Target,curly,3,199877,0.015009230676866273
Deacon et al. (2014),296,Input,store,47,199877,0.2351446139375716
Deacon et al. (2014),296,Target,storage,1,199877,0.005003076892288758
Deacon et al. (2014),298,Input,bite,17,199877,0.08505230716890888
Deacon et al. (2014),298,Target,biting,2,199877,0.010006153784577516
Deacon et al. (2014),300,Input,goose,24,199877,0.12007384541493019
Deacon et al. (2014),300,Target,geese,6,199877,0.030018461353732546
Deacon et al. (2014),302,Input,obedient,0,199877,0.0
Deacon et al. (2014),302,Target,obedience,0,199877,0.0
Deacon et al. (2014),304,Input,strong,42,199877,0.21012922947612783
Deacon et al. (2014),304,Target,strength,1,199877,0.005003076892288758
Deacon et al. (2014),306,Input,clean,54,199877,0.2701661521835929
Deacon et al. (2014),306,Target,cleaner,2,199877,0.010006153784577516
Deacon et al. (2014),308,Input,deep,66,199877,0.330203074891058
Deacon et al. (2014),308,Target,depth,2,199877,0.010006153784577516
Deacon et al. (2014),310,Input,mouse,152,199877,0.7604676876278912
Deacon et al. (2014),310,Target,mice,18,199877,0.09005538406119763
Deacon et al. (2014),312,Input,scratch,16,199877,0.08004923027662013
Deacon et al. (2014),312,Target,scratched,7,199877,0.035021538246021305
Deacon et al. (2014),314,Input,true,48,199877,0.24014769082986037
Deacon et al. (2014),314,Target,truth,4,199877,0.020012307569155032
Deacon et al. (2014),316,Input,farm,52,199877,0.26015999839901544
Deacon et al. (2014),316,Target,farmer,52,199877,0.26015999839901544
Deacon et al. (2014),318,Input,mild,5,199877,0.025015384461443788
Deacon et al. (2014),318,Target,mildly,0,199877,0.0
Deacon et al. (2014),320,Input,sing,69,199877,0.34521230556792426
Deacon et al. (2014),320,Target,sang,61,199877,0.3051876904296142
Deacon et al. (2014),322,Input,science,5,199877,0.025015384461443788
Deacon et al. (2014),322,Target,scientist,1,199877,0.005003076892288758
Deacon et al. (2014),324,Input,shrink,0,199877,0.0
Deacon et al. (2014),324,Target,shrinkage,0,199877,0.0
Deacon et al. (2014),326,Input,bold,7,199877,0.035021538246021305
Deacon et al. (2014),326,Target,boldly,1,199877,0.005003076892288758
Deacon et al. (2014),328,Input,fly,89,199877,0.44527384341369947
Deacon et al. (2014),328,Target,flying,52,199877,0.26015999839901544
Ku & Anderson (2003),330,Input,grow,41,199877,0.20512615258383907
Ku & Anderson (2003),330,Target,growth,0,199877,0.0
Ku & Anderson (2003),331,Input,dance,38,199877,0.1901169219069728
Ku & Anderson (2003),331,Target,dancer,1,199877,0.005003076892288758
Ku & Anderson (2003),332,Input,art,7,199877,0.035021538246021305
Ku & Anderson (2003),332,Target,artist,1,199877,0.005003076892288758
Ku & Anderson (2003),333,Input,baker,16,199877,0.08004923027662013
Ku & Anderson (2003),333,Target,bakery,0,199877,0.0
Ku & Anderson (2003),334,Input,dirt,37,199877,0.18511384501468403
Ku & Anderson (2003),334,Target,dirty,28,199877,0.14008615298408522
Ku & Anderson (2003),335,Input,after,187,199877,0.9355753788579977
Ku & Anderson (2003),335,Target,afternoon,32,199877,0.16009846055324026
Ku & Anderson (2003),336,Input,man,196,199877,0.9806030708885964
Ku & Anderson (2003),336,Target,many,112,199877,0.5603446119363409
Ku & Anderson (2003),337,Input,person,11,199877,0.055033845815176334
Ku & Anderson (2003),337,Target,personal,2,199877,0.010006153784577516
Ku & Anderson (2003),338,Input,pain,5,199877,0.025015384461443788
Ku & Anderson (2003),338,Target,painful,0,199877,0.0
Ku & Anderson (2003),339,Input,fire,171,199877,0.8555261485813775
Ku & Anderson (2003),339,Target,fireplace,5,199877,0.025015384461443788
Levesque et al. (2019),340,Input,agree,3,199877,0.015009230676866273
Levesque et al. (2019),340,Target,agreeable,1,199877,0.005003076892288758
Levesque et al. (2019),341,Input,depend,0,199877,0.0
Levesque et al. (2019),341,Target,dependable,0,199877,0.0
Levesque et al. (2019),342,Input,fear,22,199877,0.11006769163035267
Levesque et al. (2019),342,Target,fearless,2,199877,0.010006153784577516
Levesque et al. (2019),343,Input,forget,21,199877,0.10506461473806392
Levesque et al. (2019),343,Target,forgetful,0,199877,0.0
Levesque et al. (2019),344,Input,knowledge,0,199877,0.0
Levesque et al. (2019),344,Target,knowledgeable,0,199877,0.0
Levesque et al. (2019),345,Input,local,2,199877,0.010006153784577516
Levesque et al. (2019),345,Target,locally,0,199877,0.0
Levesque et al. (2019),346,Input,loud,58,199877,0.290178459752748
Levesque et al. (2019),346,Target,loudness,0,199877,0.0
Levesque et al. (2019),347,Input,measure,8,199877,0.040024615138310064
Levesque et al. (2019),347,Target,measurable,0,199877,0.0
Levesque et al. (2019),348,Input,purpose,1,199877,0.005003076892288758
Levesque et al. (2019),348,Target,purposeful,0,199877,0.0
Levesque et al. (2019),349,Input,question,7,199877,0.035021538246021305
Levesque et al. (2019),349,Target,questionable,0,199877,0.0
Levesque et al. (2019),350,Input,respect,1,199877,0.005003076892288758
Levesque et al. (2019),350,Target,respectful,0,199877,0.0
Levesque et al. (2019),351,Input,rich,4,199877,0.020012307569155032
Levesque et al. (2019),351,Target,richness,0,199877,0.0
Levesque et al. (2019),352,Input,sense,7,199877,0.035021538246021305
Levesque et al. (2019),352,Target,senseless,0,199877,0.0
Levesque et al. (2019),353,Input,serious,8,199877,0.040024615138310064
Levesque et al. (2019),353,Target,seriousness,0,199877,0.0
Levesque et al. (2019),354,Input,slow,36,199877,0.18011076812239527
Levesque et al. (2019),354,Target,slowness,0,199877,0.0
Levesque et al. (2019),355,Input,smooth,26,199877,0.13007999919950772
Levesque et al. (2019),355,Target,smoothness,0,199877,0.0
Levesque et al. (2019),356,Input,soft,58,199877,0.290178459752748
Levesque et al. (2019),356,Target,softness,0,199877,0.0
Levesque et al. (2019),357,Input,speech,0,199877,0.0
Levesque et al. (2019),357,Target,speechless,0,199877,0.0
Levesque et al. (2019),358,Input,taste,14,199877,0.07004307649204261
Levesque et al. (2019),358,Target,tasteless,0,199877,0.0
Levesque et al. (2019),359,Input,weight,6,199877,0.030018461353732546
Levesque et al. (2019),359,Target,weightless,0,199877,0.0
Levesque et al. (2019),360,Input,align,0,199877,0.0
Levesque et al. (2019),360,Target,alignment,0,199877,0.0
Levesque et al. (2019),361,Input,appraise,0,199877,0.0
Levesque et al. (2019),361,Target,appraisal,0,199877,0.0
Levesque et al. (2019),362,Input,cease,0,199877,0.0
Levesque et al. (2019),362,Target,ceaseless,0,199877,0.0
Levesque et al. (2019),363,Input,conceive,0,199877,0.0
Levesque et al. (2019),363,Target,conceivable,0,199877,0.0
Levesque et al. (2019),364,Input,confine,0,199877,0.0
Levesque et al. (2019),364,Target,confinement,0,199877,0.0
Levesque et al. (2019),365,Input,coward,2,199877,0.010006153784577516
Levesque et al. (2019),365,Target,cowardly,0,199877,0.0
Levesque et al. (2019),366,Input,dispose,0,199877,0.0
Levesque et al. (2019),366,Target,disposable,0,199877,0.0
Levesque et al. (2019),367,Input,endorse,0,199877,0.0
Levesque et al. (2019),367,Target,endorsement,0,199877,0.0
Levesque et al. (2019),368,Input,envy,3,199877,0.015009230676866273
Levesque et al. (2019),368,Target,envious,0,199877,0.0
Levesque et al. (2019),369,Input,eternal,1,199877,0.005003076892288758
Levesque et al. (2019),369,Target,eternally,0,199877,0.0
Levesque et al. (2019),370,Input,forgive,0,199877,0.0
Levesque et al. (2019),370,Target,forgiveness,0,199877,0.0
Levesque et al. (2019),371,Input,fright,7,199877,0.035021538246021305
Levesque et al. (2019),371,Target,frightful,3,199877,0.015009230676866273
Levesque et al. (2019),372,Input,hazard,0,199877,0.0
Levesque et al. (2019),372,Target,hazardous,0,199877,0.0
Levesque et al. (2019),373,Input,install,1,199877,0.005003076892288758
Levesque et al. (2019),373,Target,installment,0,199877,0.0
Levesque et al. (2019),374,Input,mourn,0,199877,0.0
Levesque et al. (2019),374,Target,mournful,0,199877,0.0
Levesque et al. (2019),375,Input,nourish,0,199877,0.0
Levesque et al. (2019),375,Target,nourishment,0,199877,0.0
Levesque et al. (2019),376,Input,rehearse,1,199877,0.005003076892288758
Levesque et al. (2019),376,Target,rehearsal,0,199877,0.0
Levesque et al. (2019),377,Input,resent,0,199877,0.0
Levesque et al. (2019),377,Target,resentful,0,199877,0.0
Levesque et al. (2019),378,Input,stain,1,199877,0.005003076892288758
Levesque et al. (2019),378,Target,stainless,0,199877,0.0
Levesque et al. (2019),379,Input,timid,0,199877,0.0
Levesque et al. (2019),379,Target,timidly,1,199877,0.005003076892288758
Gómez (2009),380,Input,music,17,199877,0.08505230716890888
Gómez (2009),380,Target,musician,0,199877,0.0
Gómez (2009),381,Input,popular,2,199877,0.010006153784577516
Gómez (2009),381,Target,popularity,0,199877,0.0
Gómez (2009),382,Input,growth,0,199877,0.0
Gómez (2009),382,Target,grow,41,199877,0.20512615258383907
Gómez (2009),383,Input,slow,36,199877,0.18011076812239527
Gómez (2009),383,Target,slowest,0,199877,0.0
Gómez (2009),384,Input,science,5,199877,0.025015384461443788
Gómez (2009),384,Target,scientist,1,199877,0.005003076892288758
Gómez (2009),385,Input,four,97,199877,0.4852984585520095
Gómez (2009),385,Target,fourth,6,199877,0.030018461353732546
Gómez (2009),386,Input,local,2,199877,0.010006153784577516
Gómez (2009),386,Target,locality,0,199877,0.0
Gómez (2009),387,Input,produce,0,199877,0.0
Gómez (2009),387,Target,production,0,199877,0.0
Gómez (2009),388,Input,vary,0,199877,0.0
Gómez (2009),388,Target,varied,0,199877,0.0
Gómez (2009),389,Input,wide,39,199877,0.19511999879926153
Gómez (2009),389,Target,width,0,199877,0.0
Gómez (2009),390,Input,assist,0,199877,0.0
Gómez (2009),390,Target,assistance,0,199877,0.0
Gómez (2009),391,Input,calm,8,199877,0.040024615138310064
Gómez (2009),391,Target,calmly,2,199877,0.010006153784577516
Gómez (2009),392,Input,magic,64,199877,0.3201969211064805
Gómez (2009),392,Target,magician,1,199877,0.005003076892288758
Gómez (2009),393,Input,strong,42,199877,0.21012922947612783
Gómez (2009),393,Target,strength,1,199877,0.005003076892288758
Gómez (2009),394,Input,discuss,0,199877,0.0
Gómez (2009),394,Target,discussion,1,199877,0.005003076892288758
Gómez (2009),395,Input,appear,3,199877,0.015009230676866273
Gómez (2009),395,Target,appearance,0,199877,0.0
Gómez (2009),396,Input,remark,0,199877,0.0
Gómez (2009),396,Target,remarkable,0,199877,0.0
Gómez (2009),397,Input,major,2,199877,0.010006153784577516
Gómez (2009),397,Target,majority,0,199877,0.0
Gómez (2009),398,Input,density,0,199877,0.0
Gómez (2009),398,Target,dense,0,199877,0.0
Gómez (2009),399,Input,mystery,3,199877,0.015009230676866273
Gómez (2009),399,Target,mysterious,3,199877,0.015009230676866273
Gómez (2009),400,Input,permit,0,199877,0.0
Gómez (2009),400,Target,permission,0,199877,0.0
Gómez (2009),401,Input,jacket,9,199877,0.045027692030598816
Gómez (2009),401,Target,jackets,2,199877,0.010006153784577516
Gómez (2009),402,Input,human,0,199877,0.0
Gómez (2009),402,Target,humanity,0,199877,0.0
Gómez (2009),403,Input,skip,14,199877,0.07004307649204261
Gómez (2009),403,Target,skipped,13,199877,0.06503999959975386
Gómez (2009),404,Input,description,0,199877,0.0
Gómez (2009),404,Target,describe,0,199877,0.0
Gómez (2009),405,Input,runner,0,199877,0.0
Gómez (2009),405,Target,run,76,199877,0.3802338438139456
Gómez (2009),406,Input,cloud,8,199877,0.040024615138310064
Gómez (2009),406,Target,cloudy,4,199877,0.020012307569155032
McCutchen & Logan (2011),407,Input,four,97,199877,0.4852984585520095
McCutchen & Logan (2011),407,Target,fourth,6,199877,0.030018461353732546
McCutchen & Logan (2011),408,Input,ill,1,199877,0.005003076892288758
McCutchen & Logan (2011),408,Target,illness,0,199877,0.0
McCutchen & Logan (2011),409,Input,allow,0,199877,0.0
McCutchen & Logan (2011),409,Target,allowance,1,199877,0.005003076892288758
McCutchen & Logan (2011),410,Input,strong,42,199877,0.21012922947612783
McCutchen & Logan (2011),410,Target,strength,1,199877,0.005003076892288758
McCutchen & Logan (2011),411,Input,art,7,199877,0.035021538246021305
McCutchen & Logan (2011),411,Target,artist,1,199877,0.005003076892288758
McCutchen & Logan (2011),412,Input,quick,35,199877,0.17510769123010653
McCutchen & Logan (2011),412,Target,quickly,34,199877,0.17010461433781776
McCutchen & Logan (2011),413,Input,victory,0,199877,0.0
McCutchen & Logan (2011),413,Target,victorious,1,199877,0.005003076892288758
McCutchen & Logan (2011),414,Input,assume,0,199877,0.0
McCutchen & Logan (2011),414,Target,assumption,0,199877,0.0
McCutchen & Logan (2011),415,Input,music,17,199877,0.08505230716890888
McCutchen & Logan (2011),415,Target,musician,0,199877,0.0
McCutchen & Logan (2011),416,Input,care,78,199877,0.39023999759852307
McCutchen & Logan (2011),416,Target,careful,13,199877,0.06503999959975386
McCutchen & Logan (2011),417,Input,sad,52,199877,0.26015999839901544
McCutchen & Logan (2011),417,Target,sadness,1,199877,0.005003076892288758
McCutchen & Logan (2011),418,Input,decide,8,199877,0.040024615138310064
McCutchen & Logan (2011),418,Target,decision,1,199877,0.005003076892288758
McCutchen & Logan (2011),419,Input,swim,27,199877,0.13508307609179646
McCutchen & Logan (2011),419,Target,swimmer,0,199877,0.0
McCutchen & Logan (2011),420,Input,examine,1,199877,0.005003076892288758
McCutchen & Logan (2011),420,Target,examination,0,199877,0.0
McCutchen & Logan (2011),421,Input,nerve,0,199877,0.0
McCutchen & Logan (2011),421,Target,nervous,5,199877,0.025015384461443788
McCutchen & Logan (2011),422,Input,trick,25,199877,0.12507692230721895
McCutchen & Logan (2011),422,Target,tricky,2,199877,0.010006153784577516
McCutchen & Logan (2011),423,Input,five,79,199877,0.3952430744908118
McCutchen & Logan (2011),423,Target,fifth,2,199877,0.010006153784577516
McCutchen & Logan (2011),424,Input,absent,0,199877,0.0
McCutchen & Logan (2011),424,Target,absence,0,199877,0.0
McCutchen & Logan (2011),425,Input,win,16,199877,0.08004923027662013
McCutchen & Logan (2011),425,Target,winner,3,199877,0.015009230676866273
McCutchen & Logan (2011),426,Input,distant,4,199877,0.020012307569155032
McCutchen & Logan (2011),426,Target,distance,4,199877,0.020012307569155032
McCutchen & Logan (2011),427,Input,science,5,199877,0.025015384461443788
McCutchen & Logan (2011),427,Target,scientist,1,199877,0.005003076892288758
McCutchen & Logan (2011),428,Input,deep,66,199877,0.330203074891058
McCutchen & Logan (2011),428,Target,depth,2,199877,0.010006153784577516
McCutchen & Logan (2011),429,Input,pain,5,199877,0.025015384461443788
McCutchen & Logan (2011),429,Target,painful,0,199877,0.0
McCutchen & Logan (2011),430,Input,think,257,199877,1.2857907613182107
McCutchen & Logan (2011),430,Target,thought,163,199877,0.8155015334430674
McCutchen & Logan (2011),431,Input,accept,3,199877,0.015009230676866273
McCutchen & Logan (2011),431,Target,acceptable,0,199877,0.0
McCutchen & Logan (2011),432,Input,comfort,1,199877,0.005003076892288758
McCutchen & Logan (2011),432,Target,comfortable,7,199877,0.035021538246021305
McCutchen & Logan (2011),433,Input,sign,22,199877,0.11006769163035267
McCutchen & Logan (2011),433,Target,signature,0,199877,0.0
McCutchen & Logan (2011),434,Input,long,216,199877,1.0806646087343716
McCutchen & Logan (2011),434,Target,length,2,199877,0.010006153784577516
McCutchen & Logan (2011),435,Input,know,271,199877,1.3558338378102532
McCutchen & Logan (2011),435,Target,knowledge,0,199877,0.0
McCutchen & Logan (2011),436,Input,excel,0,199877,0.0
McCutchen & Logan (2011),436,Target,excellent,10,199877,0.050030768922887575
Roth (2007),437,Input,walk,61,199877,0.3051876904296142
Roth (2007),437,Target,walked,73,199877,0.36522461313707927
Roth (2007),438,Input,sneaker,1,199877,0.005003076892288758
Roth (2007),438,Target,sneakers,2,199877,0.010006153784577516
Roth (2007),439,Input,low,29,199877,0.145089229876374
Roth (2007),439,Target,lower,2,199877,0.010006153784577516
Roth (2007),440,Input,stood,40,199877,0.2001230756915503
Roth (2007),440,Target,stand,46,199877,0.23014153704528284
Roth (2007),441,Input,lose,5,199877,0.025015384461443788
Roth (2007),441,Target,lost,52,199877,0.26015999839901544
Roth (2007),442,Input,say,226,199877,1.130695377657259
Roth (2007),442,Target,said,1882,199877,9.415790711287443
Roth (2007),443,Input,child,37,199877,0.18511384501468403
Roth (2007),443,Target,children,139,199877,0.6954276880281373
Roth (2007),444,Input,kept,53,199877,0.2651630752913042
Roth (2007),444,Target,keep,89,199877,0.44527384341369947
Roth (2007),445,Input,taller,5,199877,0.025015384461443788
Roth (2007),445,Target,tall,36,199877,0.18011076812239527
Roth (2007),446,Input,person,11,199877,0.055033845815176334
Roth (2007),446,Target,people,102,199877,0.5103138430134533
Roth (2007),447,Input,fun,142,199877,0.7104369187050036
Roth (2007),447,Target,funny,46,199877,0.23014153704528284
Roth (2007),448,Input,bake,6,199877,0.030018461353732546
Roth (2007),448,Target,baker,16,199877,0.08004923027662013
Roth (2007),449,Input,sun,155,199877,0.7754769183047574
Roth (2007),449,Target,sunny,23,199877,0.11507076852264142
Roth (2007),450,Input,work,118,199877,0.5903630732900734
Roth (2007),450,Target,worker,3,199877,0.015009230676866273
Roth (2007),451,Input,deep,66,199877,0.330203074891058
Roth (2007),451,Target,depth,2,199877,0.010006153784577516
Roth (2007),452,Input,action,5,199877,0.025015384461443788
Roth (2007),452,Target,act,21,199877,0.10506461473806392
Roth (2007),453,Input,art,7,199877,0.035021538246021305
Roth (2007),453,Target,artist,1,199877,0.005003076892288758
Roth (2007),454,Input,wide,39,199877,0.19511999879926153
Roth (2007),454,Target,width,0,199877,0.0
Roth (2007),455,Input,strength,1,199877,0.005003076892288758
Roth (2007),455,Target,strong,42,199877,0.21012922947612783
Roth (2007),456,Input,music,17,199877,0.08505230716890888
Roth (2007),456,Target,musician,0,199877,0.0
McCutchen et al. (2009),457,Input,four,97,199877,0.4852984585520095
McCutchen et al. (2009),457,Target,fourth,6,199877,0.030018461353732546
McCutchen et al. (2009),458,Input,ill,1,199877,0.005003076892288758
McCutchen et al. (2009),458,Target,illness,0,199877,0.0
McCutchen et al. (2009),459,Input,allow,0,199877,0.0
McCutchen et al. (2009),459,Target,allowance,1,199877,0.005003076892288758
McCutchen et al. (2009),460,Input,strong,42,199877,0.21012922947612783
McCutchen et al. (2009),460,Target,strength,1,199877,0.005003076892288758
McCutchen et al. (2009),461,Input,art,7,199877,0.035021538246021305
McCutchen et al. (2009),461,Target,artist,1,199877,0.005003076892288758
McCutchen et al. (2009),462,Input,quick,35,199877,0.17510769123010653
McCutchen et al. (2009),462,Target,quickly,34,199877,0.17010461433781776
McCutchen et al. (2009),463,Input,victory,0,199877,0.0
McCutchen et al. (2009),463,Target,victorious,1,199877,0.005003076892288758
McCutchen et al. (2009),464,Input,assume,0,199877,0.0
McCutchen et al. (2009),464,Target,assumption,0,199877,0.0
McCutchen et al. (2009),465,Input,music,17,199877,0.08505230716890888
McCutchen et al. (2009),465,Target,musician,0,199877,0.0
McCutchen et al. (2009),466,Input,care,78,199877,0.39023999759852307
McCutchen et al. (2009),466,Target,careful,13,199877,0.06503999959975386
McCutchen et al. (2009),467,Input,sad,52,199877,0.26015999839901544
McCutchen et al. (2009),467,Target,sadness,1,199877,0.005003076892288758
McCutchen et al. (2009),468,Input,decide,8,199877,0.040024615138310064
McCutchen et al. (2009),468,Target,decision,1,199877,0.005003076892288758
McCutchen et al. (2009),469,Input,swim,27,199877,0.13508307609179646
McCutchen et al. (2009),469,Target,swimmer,0,199877,0.0
McCutchen et al. (2009),470,Input,examine,1,199877,0.005003076892288758
McCutchen et al. (2009),470,Target,examination,0,199877,0.0
McCutchen et al. (2009),471,Input,nerve,0,199877,0.0
McCutchen et al. (2009),471,Target,nervous,5,199877,0.025015384461443788
McCutchen et al. (2009),472,Input,trick,25,199877,0.12507692230721895
McCutchen et al. (2009),472,Target,tricky,2,199877,0.010006153784577516
McCutchen et al. (2009),473,Input,five,79,199877,0.3952430744908118
McCutchen et al. (2009),473,Target,fifth,2,199877,0.010006153784577516
McCutchen et al. (2009),474,Input,absent,0,199877,0.0
McCutchen et al. (2009),474,Target,absence,0,199877,0.0
McCutchen et al. (2009),475,Input,win,16,199877,0.08004923027662013
McCutchen et al. (2009),475,Target,winner,3,199877,0.015009230676866273
McCutchen et al. (2009),476,Input,distant,4,199877,0.020012307569155032
McCutchen et al. (2009),476,Target,distance,4,199877,0.020012307569155032
McCutchen et al. (2009),477,Input,science,5,199877,0.025015384461443788
McCutchen et al. (2009),477,Target,scientist,1,199877,0.005003076892288758
McCutchen et al. (2009),478,Input,deep,66,199877,0.330203074891058
McCutchen et al. (2009),478,Target,depth,2,199877,0.010006153784577516
McCutchen et al. (2009),479,Input,pain,5,199877,0.025015384461443788
McCutchen et al. (2009),479,Target,painful,0,199877,0.0
McCutchen et al. (2009),480,Input,think,257,199877,1.2857907613182107
McCutchen et al. (2009),480,Target,thought,163,199877,0.8155015334430674
McCutchen et al. (2009),481,Input,accept,3,199877,0.015009230676866273
McCutchen et al. (2009),481,Target,acceptable,0,199877,0.0
McCutchen et al. (2009),482,Input,comfort,1,199877,0.005003076892288758
McCutchen et al. (2009),482,Target,comfortable,7,199877,0.035021538246021305
McCutchen et al. (2009),483,Input,sign,22,199877,0.11006769163035267
McCutchen et al. (2009),483,Target,signature,0,199877,0.0
McCutchen et al. (2009),484,Input,long,216,199877,1.0806646087343716
McCutchen et al. (2009),484,Target,length,2,199877,0.010006153784577516
McCutchen et al. (2009),485,Input,know,271,199877,1.3558338378102532
McCutchen et al. (2009),485,Target,knowledge,0,199877,0.0
McCutchen et al. (2009),486,Input,excel,0,199877,0.0
McCutchen et al. (2009),486,Target,excellent,10,199877,0.050030768922887575
Deacon et al. (2018),487,Input,behaves,0,199877,0.0
Deacon et al. (2018),487,Target,bravely,2,199877,0.010006153784577516
Deacon et al. (2018),488,Input,wise,15,199877,0.07504615338433136
Deacon et al. (2018),488,Target,wisely,0,199877,0.0
Deacon et al. (2018),489,Input,polite,4,199877,0.020012307569155032
Deacon et al. (2018),489,Target,politely,9,199877,0.045027692030598816
Deacon et al. (2018),490,Input,dust,16,199877,0.08004923027662013
Deacon et al. (2018),490,Target,dusty,9,199877,0.045027692030598816
Deacon et al. (2018),491,Input,mist,10,199877,0.050030768922887575
Deacon et al. (2018),491,Target,misty,6,199877,0.030018461353732546
Deacon et al. (2018),492,Input,frost,2,199877,0.010006153784577516
Deacon et al. (2018),492,Target,frosty,6,199877,0.030018461353732546
Deacon et al. (2018),493,Input,paint,47,199877,0.2351446139375716
Deacon et al. (2018),493,Target,painter,2,199877,0.010006153784577516
Deacon et al. (2018),494,Input,dance,38,199877,0.1901169219069728
Deacon et al. (2018),494,Target,dancer,1,199877,0.005003076892288758
Deacon et al. (2018),495,Input,juggle,1,199877,0.005003076892288758
Deacon et al. (2018),495,Target,juggler,0,199877,0.0
Deacon et al. (2018),496,Input,ghost,10,199877,0.050030768922887575
Deacon et al. (2018),496,Target,ghostie,0,199877,0.0
Deacon et al. (2018),497,Input,beast,21,199877,0.10506461473806392
Deacon et al. (2018),497,Target,beastie,0,199877,0.0
Deacon et al. (2018),498,Input,bird,109,199877,0.5453353812594746
Deacon et al. (2018),498,Target,birdy,0,199877,0.0
Deacon et al. (2018),499,Input,collect,7,199877,0.035021538246021305
Deacon et al. (2018),499,Target,collection,2,199877,0.010006153784577516
Deacon et al. (2018),500,Input,invent,0,199877,0.0
Deacon et al. (2018),500,Target,invention,1,199877,0.005003076892288758
Deacon et al. (2018),501,Input,suggest,3,199877,0.015009230676866273
Deacon et al. (2018),501,Target,suggestion,1,199877,0.005003076892288758
Deacon et al. (2018),502,Input,move,51,199877,0.25515692150672664
Deacon et al. (2018),502,Target,movement,2,199877,0.010006153784577516
Deacon et al. (2018),503,Input,agree,3,199877,0.015009230676866273
Deacon et al. (2018),503,Target,agreement,0,199877,0.0
Deacon et al. (2018),504,Input,argue,2,199877,0.010006153784577516
Deacon et al. (2018),504,Target,argument,0,199877,0.0
Levesque et al. (2017),505,Input,warm,70,199877,0.35021538246021305
Levesque et al. (2017),505,Target,warmth,2,199877,0.010006153784577516
Levesque et al. (2017),506,Input,growth,0,199877,0.0
Levesque et al. (2017),506,Target,grow,41,199877,0.20512615258383907
Levesque et al. (2017),507,Input,permit,0,199877,0.0
Levesque et al. (2017),507,Target,permission,0,199877,0.0
Levesque et al. (2017),508,Input,variable,0,199877,0.0
Levesque et al. (2017),508,Target,vary,0,199877,0.0
Levesque et al. (2017),509,Input,appear,3,199877,0.015009230676866273
Levesque et al. (2017),509,Target,appearance,0,199877,0.0
Levesque et al. (2017),510,Input,density,0,199877,0.0
Levesque et al. (2017),510,Target,dense,0,199877,0.0
Levesque et al. (2017),511,Input,four,97,199877,0.4852984585520095
Levesque et al. (2017),511,Target,fourth,6,199877,0.030018461353732546
Levesque et al. (2017),512,Input,famous,5,199877,0.025015384461443788
Levesque et al. (2017),512,Target,fame,2,199877,0.010006153784577516
Levesque et al. (2017),513,Input,protect,4,199877,0.020012307569155032
Levesque et al. (2017),513,Target,protection,0,199877,0.0
Levesque et al. (2017),514,Input,fifth,2,199877,0.010006153784577516
Levesque et al. (2017),514,Target,five,79,199877,0.3952430744908118
Levesque et al. (2017),515,Input,expand,0,199877,0.0
Levesque et al. (2017),515,Target,expansion,0,199877,0.0
Levesque et al. (2017),516,Input,strength,1,199877,0.005003076892288758
Levesque et al. (2017),516,Target,strong,42,199877,0.21012922947612783
Levesque et al. (2017),517,Input,reason,7,199877,0.035021538246021305
Levesque et al. (2017),517,Target,reasonable,0,199877,0.0
Levesque et al. (2017),518,Input,popularity,0,199877,0.0
Levesque et al. (2017),518,Target,popular,2,199877,0.010006153784577516
Levesque et al. (2017),519,Input,deep,66,199877,0.330203074891058
Levesque et al. (2017),519,Target,depth,2,199877,0.010006153784577516
Levesque et al. (2017),520,Input,publicity,0,199877,0.0
Levesque et al. (2017),520,Target,public,2,199877,0.010006153784577516
Levesque et al. (2017),521,Input,long,216,199877,1.0806646087343716
Levesque et al. (2017),521,Target,length,2,199877,0.010006153784577516
Levesque et al. (2017),522,Input,originality,0,199877,0.0
Levesque et al. (2017),522,Target,original,1,199877,0.005003076892288758
Levesque et al. (2017),523,Input,absorb,0,199877,0.0
Levesque et al. (2017),523,Target,absorption,0,199877,0.0
Levesque et al. (2017),524,Input,courageous,1,199877,0.005003076892288758
Levesque et al. (2017),524,Target,courage,1,199877,0.005003076892288758
Levesque et al. (2017),525,Input,swim,27,199877,0.13508307609179646
Levesque et al. (2017),525,Target,swimmer,0,199877,0.0
Levesque et al. (2017),526,Input,dangerous,12,199877,0.06003692270746509
Levesque et al. (2017),526,Target,danger,7,199877,0.035021538246021305
Levesque et al. (2017),527,Input,wash,15,199877,0.07504615338433136
Levesque et al. (2017),527,Target,washer,0,199877,0.0
Levesque et al. (2017),528,Input,baker,16,199877,0.08004923027662013
Levesque et al. (2017),528,Target,bake,6,199877,0.030018461353732546
Levesque et al. (2017),529,Input,assist,0,199877,0.0
Levesque et al. (2017),529,Target,assistance,0,199877,0.0
Levesque et al. (2017),530,Input,guidance,0,199877,0.0
Levesque et al. (2017),530,Target,guide,1,199877,0.005003076892288758
Levesque et al. (2017),531,Input,produce,0,199877,0.0
Levesque et al. (2017),531,Target,production,0,199877,0.0
Levesque et al. (2017),532,Input,reliable,1,199877,0.005003076892288758
Levesque et al. (2017),532,Target,rely,0,199877,0.0
Levesque et al. (2017),533,Input,teach,16,199877,0.08004923027662013
Levesque et al. (2017),533,Target,teacher,31,199877,0.1550953836609515
Levesque et al. (2017),534,Input,acceptance,0,199877,0.0
Levesque et al. (2017),534,Target,accept,3,199877,0.015009230676866273
Levesque et al. (2017),535,Input,profit,1,199877,0.005003076892288758
Levesque et al. (2017),535,Target,profitable,0,199877,0.0
Levesque et al. (2017),536,Input,continuous,0,199877,0.0
Levesque et al. (2017),536,Target,continue,0,199877,0.0
Levesque et al. (2017),537,Input,major,2,199877,0.010006153784577516
Levesque et al. (2017),537,Target,majority,0,199877,0.0
Levesque et al. (2017),538,Input,difference,2,199877,0.010006153784577516
Levesque et al. (2017),538,Target,differ,0,199877,0.0
Levesque et al. (2017),539,Input,remark,0,199877,0.0
Levesque et al. (2017),539,Target,remarkable,0,199877,0.0
Levesque et al. (2017),540,Input,reduction,0,199877,0.0
Levesque et al. (2017),540,Target,reduce,0,199877,0.0
Levesque et al. (2017),541,Input,revise,0,199877,0.0
Levesque et al. (2017),541,Target,revision,0,199877,0.0
Levesque et al. (2017),542,Input,runner,0,199877,0.0
Levesque et al. (2017),542,Target,run,76,199877,0.3802338438139456
Levesque et al. (2017),543,Input,equal,0,199877,0.0
Levesque et al. (2017),543,Target,equality,0,199877,0.0
Levesque et al. (2017),544,Input,election,0,199877,0.0
Levesque et al. (2017),544,Target,elect,0,199877,0.0
Levesque et al. (2017),545,Input,express,1,199877,0.005003076892288758
Levesque et al. (2017),545,Target,expression,0,199877,0.0
Levesque et al. (2017),546,Input,width,0,199877,0.0
Levesque et al. (2017),546,Target,wide,39,199877,0.19511999879926153
Levesque et al. (2017),547,Input,perform,2,199877,0.010006153784577516
Levesque et al. (2017),547,Target,performance,3,199877,0.015009230676866273
Levesque et al. (2017),548,Input,dryer,0,199877,0.0
Levesque et al. (2017),548,Target,dry,19,199877,0.0950584609534864
Levesque et al. (2017),549,Input,adventure,7,199877,0.035021538246021305
Levesque et al. (2017),549,Target,adventurous,2,199877,0.010006153784577516
Levesque et al. (2017),550,Input,admission,0,199877,0.0
Levesque et al. (2017),550,Target,admit,0,199877,0.0
Levesque et al. (2017),551,Input,active,1,199877,0.005003076892288758
Levesque et al. (2017),551,Target,activity,1,199877,0.005003076892288758
Levesque et al. (2017),552,Input,decision,1,199877,0.005003076892288758
Levesque et al. (2017),552,Target,decide,8,199877,0.040024615138310064
Levesque et al. (2017),553,Input,humor,0,199877,0.0
Levesque et al. (2017),553,Target,humorous,0,199877,0.0
Levesque et al. (2017),554,Input,division,0,199877,0.0
Levesque et al. (2017),554,Target,divide,0,199877,0.0
Levesque et al. (2017),555,Input,human,0,199877,0.0
Levesque et al. (2017),555,Target,humanity,0,199877,0.0
Levesque et al. (2017),556,Input,agreeable,1,199877,0.005003076892288758
Levesque et al. (2017),556,Target,agree,3,199877,0.015009230676866273
Levesque et al. (2017),557,Input,glory,9,199877,0.045027692030598816
Levesque et al. (2017),557,Target,glorious,2,199877,0.010006153784577516
Levesque et al. (2017),558,Input,discussion,1,199877,0.005003076892288758
Levesque et al. (2017),558,Target,discuss,0,199877,0.0
Levesque et al. (2017),559,Input,mystery,3,199877,0.015009230676866273
Levesque et al. (2017),559,Target,mysterious,3,199877,0.015009230676866273
Levesque et al. (2017),560,Input,description,0,199877,0.0
Levesque et al. (2017),560,Target,describe,0,199877,0.0
Tong et al. (2013),561,Input,strong,42,199877,0.21012922947612783
Tong et al. (2013),561,Target,strongest,5,199877,0.025015384461443788
Tong et al. (2013),562,Input,chill,2,199877,0.010006153784577516
Tong et al. (2013),562,Target,chilly,1,199877,0.005003076892288758
Tong et al. (2013),563,Input,write,14,199877,0.07004307649204261
Tong et al. (2013),563,Target,writer,1,199877,0.005003076892288758
Tong et al. (2013),564,Input,curl,9,199877,0.045027692030598816
Tong et al. (2013),564,Target,curly,3,199877,0.015009230676866273
Tong et al. (2013),565,Input,store,47,199877,0.2351446139375716
Tong et al. (2013),565,Target,storage,1,199877,0.005003076892288758
Tong et al. (2013),566,Input,bite,17,199877,0.08505230716890888
Tong et al. (2013),566,Target,biting,2,199877,0.010006153784577516
Tong et al. (2013),567,Input,goose,24,199877,0.12007384541493019
Tong et al. (2013),567,Target,geese,6,199877,0.030018461353732546
Tong et al. (2013),568,Input,obedient,0,199877,0.0
Tong et al. (2013),568,Target,obedience,0,199877,0.0
Tong et al. (2013),569,Input,strong,42,199877,0.21012922947612783
Tong et al. (2013),569,Target,strength,1,199877,0.005003076892288758
Tong et al. (2013),570,Input,clean,54,199877,0.2701661521835929
Tong et al. (2013),570,Target,cleaner,2,199877,0.010006153784577516
Tong et al. (2013),571,Input,deep,66,199877,0.330203074891058
Tong et al. (2013),571,Target,depth,2,199877,0.010006153784577516
Tong et al. (2013),572,Input,mouse,152,199877,0.7604676876278912
Tong et al. (2013),572,Target,mice,18,199877,0.09005538406119763
Tong et al. (2013),573,Input,scratch,16,199877,0.08004923027662013
Tong et al. (2013),573,Target,scratched,7,199877,0.035021538246021305
Tong et al. (2013),574,Input,true,48,199877,0.24014769082986037
Tong et al. (2013),574,Target,truth,4,199877,0.020012307569155032
Tong et al. (2013),575,Input,farm,52,199877,0.26015999839901544
Tong et al. (2013),575,Target,farmer,52,199877,0.26015999839901544
Tong et al. (2013),576,Input,mild,5,199877,0.025015384461443788
Tong et al. (2013),576,Target,mildly,0,199877,0.0
Tong et al. (2013),577,Input,sing,69,199877,0.34521230556792426
Tong et al. (2013),577,Target,sang,61,199877,0.3051876904296142
Tong et al. (2013),578,Input,science,5,199877,0.025015384461443788
Tong et al. (2013),578,Target,scientist,1,199877,0.005003076892288758
Tong et al. (2013),579,Input,shrink,0,199877,0.0
Tong et al. (2013),579,Target,shrinkage,0,199877,0.0
Tong et al. (2013),580,Input,bold,7,199877,0.035021538246021305
Tong et al. (2013),580,Target,boldly,1,199877,0.005003076892288758
Tong et al. (2013),581,Input,fly,89,199877,0.44527384341369947
Tong et al. (2013),581,Target,flying,52,199877,0.26015999839901544
Tong et al. (2011),582,Input,walk,61,199877,0.3051876904296142
Tong et al. (2011),582,Target,walked,73,199877,0.36522461313707927
Tong et al. (2011),583,Input,sneaker,1,199877,0.005003076892288758
Tong et al. (2011),583,Target,sneakers,2,199877,0.010006153784577516
Tong et al. (2011),584,Input,low,29,199877,0.145089229876374
Tong et al. (2011),584,Target,lower,2,199877,0.010006153784577516
Tong et al. (2011),585,Input,stood,40,199877,0.2001230756915503
Tong et al. (2011),585,Target,stand,46,199877,0.23014153704528284
Tong et al. (2011),586,Input,lose,5,199877,0.025015384461443788
Tong et al. (2011),586,Target,lost,52,199877,0.26015999839901544
Tong et al. (2011),587,Input,say,226,199877,1.130695377657259
Tong et al. (2011),587,Target,said,1882,199877,9.415790711287443
Tong et al. (2011),588,Input,child,37,199877,0.18511384501468403
Tong et al. (2011),588,Target,children,139,199877,0.6954276880281373
Tong et al. (2011),589,Input,kept,53,199877,0.2651630752913042
Tong et al. (2011),589,Target,keep,89,199877,0.44527384341369947
Tong et al. (2011),590,Input,taller,5,199877,0.025015384461443788
Tong et al. (2011),590,Target,tall,36,199877,0.18011076812239527
Tong et al. (2011),591,Input,fun,142,199877,0.7104369187050036
Tong et al. (2011),591,Target,funny,46,199877,0.23014153704528284
Tong et al. (2011),592,Input,bake,6,199877,0.030018461353732546
Tong et al. (2011),592,Target,baker,16,199877,0.08004923027662013
Tong et al. (2011),593,Input,sun,155,199877,0.7754769183047574
Tong et al. (2011),593,Target,sunny,23,199877,0.11507076852264142
Tong et al. (2011),594,Input,work,118,199877,0.5903630732900734
Tong et al. (2011),594,Target,worker,3,199877,0.015009230676866273
Tong et al. (2011),595,Input,deep,66,199877,0.330203074891058
Tong et al. (2011),595,Target,depth,2,199877,0.010006153784577516
Tong et al. (2011),596,Input,action,5,199877,0.025015384461443788
Tong et al. (2011),596,Target,act,21,199877,0.10506461473806392
Tong et al. (2011),597,Input,art,7,199877,0.035021538246021305
Tong et al. (2011),597,Target,artist,1,199877,0.005003076892288758
Tong et al. (2011),598,Input,wide,39,199877,0.19511999879926153
Tong et al. (2011),598,Target,width,0,199877,0.0
Mahony et al. (2000),599,Input,person,11,199877,0.055033845815176334
Mahony et al. (2000),599,Target,personal,2,199877,0.010006153784577516
Mahony et al. (2000),600,Input,allow,0,199877,0.0
Mahony et al. (2000),600,Target,allowance,1,199877,0.005003076892288758
Mahony et al. (2000),601,Input,beauty,3,199877,0.015009230676866273
Mahony et al. (2000),601,Target,beautiful,49,199877,0.2451507677221491
Mahony et al. (2000),602,Input,region,0,199877,0.0
Mahony et al. (2000),602,Target,regional,0,199877,0.0
Mahony et al. (2000),603,Input,bag,26,199877,0.13007999919950772
Mahony et al. (2000),603,Target,baggage,2,199877,0.010006153784577516
Mahony et al. (2000),604,Input,pity,1,199877,0.005003076892288758
Mahony et al. (2000),604,Target,pitiful,0,199877,0.0
Mahony et al. (2000),605,Input,parent,4,199877,0.020012307569155032
Mahony et al. (2000),605,Target,parental,0,199877,0.0
Mahony et al. (2000),606,Input,history,2,199877,0.010006153784577516
Mahony et al. (2000),606,Target,historic,0,199877,0.0
Mahony et al. (2000),607,Input,atom,0,199877,0.0
Mahony et al. (2000),607,Target,atomic,0,199877,0.0
Mahony et al. (2000),608,Input,superior,0,199877,0.0
Mahony et al. (2000),608,Target,superiority,0,199877,0.0
Mahony et al. (2000),609,Input,poet,0,199877,0.0
Mahony et al. (2000),609,Target,poetic,0,199877,0.0
Mahony et al. (2000),610,Input,participate,0,199877,0.0
Mahony et al. (2000),610,Target,participation,0,199877,0.0
Mahony et al. (2000),611,Input,deep,66,199877,0.330203074891058
Mahony et al. (2000),611,Target,depth,2,199877,0.010006153784577516
Mahony et al. (2000),612,Input,sincere,0,199877,0.0
Mahony et al. (2000),612,Target,sincerity,0,199877,0.0
Mahony et al. (2000),613,Input,supervise,1,199877,0.005003076892288758
Mahony et al. (2000),613,Target,supervision,1,199877,0.005003076892288758
Mahony et al. (2000),614,Input,meter,0,199877,0.0
Mahony et al. (2000),614,Target,metric,0,199877,0.0
Mahony et al. (2000),615,Input,nature,3,199877,0.015009230676866273
Mahony et al. (2000),615,Target,natural,2,199877,0.010006153784577516
Mahony et al. (2000),616,Input,add,3,199877,0.015009230676866273
Mahony et al. (2000),616,Target,addition,0,199877,0.0
Mahony et al. (2000),617,Input,associate,0,199877,0.0
Mahony et al. (2000),617,Target,association,0,199877,0.0
Mahony et al. (2000),618,Input,concentrate,0,199877,0.0
Mahony et al. (2000),618,Target,concentration,0,199877,0.0
Mahony et al. (2000),619,Input,divide,0,199877,0.0
Mahony et al. (2000),619,Target,division,0,199877,0.0
Mahony et al. (2000),620,Input,relate,0,199877,0.0
Mahony et al. (2000),620,Target,relation,0,199877,0.0
Mahony et al. (2000),621,Input,decide,8,199877,0.040024615138310064
Mahony et al. (2000),621,Target,decision,1,199877,0.005003076892288758
Mahony et al. (2000),622,Input,reduce,0,199877,0.0
Mahony et al. (2000),622,Target,reduction,0,199877,0.0
Mahony et al. (2000),623,Input,sign,22,199877,0.11006769163035267
Mahony et al. (2000),623,Target,signature,0,199877,0.0
Mahony et al. (2000),624,Input,resign,0,199877,0.0
Mahony et al. (2000),624,Target,resignation,0,199877,0.0
Mahony et al. (2000),625,Input,bomb,0,199877,0.0
Mahony et al. (2000),625,Target,bombard,0,199877,0.0
Mahony et al. (2000),626,Input,crumb,1,199877,0.005003076892288758
Mahony et al. (2000),626,Target,crumble,2,199877,0.010006153784577516
Mahony et al. (2000),627,Input,sign,22,199877,0.11006769163035267
Mahony et al. (2000),627,Target,signal,5,199877,0.025015384461443788
Mahony et al. (2000),628,Input,knowledge,0,199877,0.0
Mahony et al. (2000),628,Target,acknowledge,0,199877,0.0
Wolter & Pike (2015),629,Input,cook,18,199877,0.09005538406119763
Wolter & Pike (2015),629,Target,cookery,0,199877,0.0
Wolter & Pike (2015),630,Input,equalize,0,199877,0.0
Wolter & Pike (2015),630,Target,equalize,0,199877,0.0
Wolter & Pike (2015),631,Input,odd,1,199877,0.005003076892288758
Wolter & Pike (2015),631,Target,oddity,0,199877,0.0
Wolter & Pike (2015),632,Input,odor,1,199877,0.005003076892288758
Wolter & Pike (2015),632,Target,odorous,0,199877,0.0
Wolter & Pike (2015),633,Input,puzzle,13,199877,0.06503999959975386
Wolter & Pike (2015),633,Target,puzzlement,0,199877,0.0
Wolter & Pike (2015),634,Input,secret,35,199877,0.17510769123010653
Wolter & Pike (2015),634,Target,secretive,0,199877,0.0
Wolter & Pike (2015),635,Input,wish,43,199877,0.21513230636841657
Wolter & Pike (2015),635,Target,wishful,0,199877,0.0
Wolter & Pike (2015),636,Input,ocean,34,199877,0.17010461433781776
Wolter & Pike (2015),636,Target,oceanaut,0,199877,0.0
Wolter & Pike (2015),637,Input,yellow,123,199877,0.6153784577515172
Wolter & Pike (2015),637,Target,yellowing,0,199877,0.0
Wolter & Pike (2015),638,Input,cover,9,199877,0.045027692030598816
Wolter & Pike (2015),638,Target,coverlet,0,199877,0.0
Wolter & Pike (2015),639,Input,crazy,12,199877,0.06003692270746509
Wolter & Pike (2015),639,Target,craziness,0,199877,0.0
Wolter & Pike (2015),640,Input,pay,15,199877,0.07504615338433136
Wolter & Pike (2015),640,Target,payee,0,199877,0.0
Wolter & Pike (2015),641,Input,touch,23,199877,0.11507076852264142
Wolter & Pike (2015),641,Target,touchily,0,199877,0.0
Wolter & Pike (2015),642,Input,game,46,199877,0.23014153704528284
Wolter & Pike (2015),642,Target,gaming,0,199877,0.0
Wolter & Pike (2015),643,Input,guess,30,199877,0.15009230676866273
Wolter & Pike (2015),643,Target,guesser,0,199877,0.0
Wolter & Pike (2015),644,Input,age,2,199877,0.010006153784577516
Wolter & Pike (2015),644,Target,ageist,0,199877,0.0
Nagy et al. (2003),645,Input,climber,3,199877,0.015009230676866273
Nagy et al. (2003),645,Target,climb,29,199877,0.145089229876374
Nagy et al. (2003),646,Input,personal,2,199877,0.010006153784577516
Nagy et al. (2003),646,Target,person,11,199877,0.055033845815176334
Nagy et al. (2003),647,Input,sunny,23,199877,0.11507076852264142
Nagy et al. (2003),647,Target,sun,155,199877,0.7754769183047574
Nagy et al. (2003),648,Input,flight,3,199877,0.015009230676866273
Nagy et al. (2003),648,Target,fly,89,199877,0.44527384341369947
Nagy et al. (2003),649,Input,relative,0,199877,0.0
Nagy et al. (2003),649,Target,relate,0,199877,0.0
Nagy et al. (2003),650,Input,rainy,8,199877,0.040024615138310064
Nagy et al. (2003),650,Target,rain,65,199877,0.32519999799876925
Nagy et al. (2003),651,Input,depth,2,199877,0.010006153784577516
Nagy et al. (2003),651,Target,deep,66,199877,0.330203074891058
Nagy et al. (2003),652,Input,battle,7,199877,0.035021538246021305
Nagy et al. (2003),652,Target,bat,30,199877,0.15009230676866273
Nagy et al. (2003),653,Input,reasonable,0,199877,0.0
Nagy et al. (2003),653,Target,reason,7,199877,0.035021538246021305
Nagy et al. (2003),654,Input,adorable,2,199877,0.010006153784577516
Nagy et al. (2003),654,Target,adore,1,199877,0.005003076892288758
Nagy et al. (2003),655,Input,national,1,199877,0.005003076892288758
Nagy et al. (2003),655,Target,nation,0,199877,0.0
Nagy et al. (2003),656,Input,imaginary,0,199877,0.0
Nagy et al. (2003),656,Target,imagine,3,199877,0.015009230676866273
Nagy et al. (2003),657,Input,thinker,1,199877,0.005003076892288758
Nagy et al. (2003),657,Target,think,257,199877,1.2857907613182107
Nagy et al. (2003),658,Input,laughter,9,199877,0.045027692030598816
Nagy et al. (2003),658,Target,laugh,24,199877,0.12007384541493019
Nagy et al. (2003),659,Input,global,0,199877,0.0
Nagy et al. (2003),659,Target,globe,2,199877,0.010006153784577516
Nagy et al. (2003),660,Input,movement,2,199877,0.010006153784577516
Nagy et al. (2003),660,Target,move,51,199877,0.25515692150672664
Nagy et al. (2003),661,Input,tension,0,199877,0.0
Nagy et al. (2003),661,Target,tense,0,199877,0.0
Nagy et al. (2003),662,Input,reality,0,199877,0.0
Nagy et al. (2003),662,Target,real,37,199877,0.18511384501468403
Nagy et al. (2003),663,Input,sanity,0,199877,0.0
Nagy et al. (2003),663,Target,sane,0,199877,0.0
Nagy et al. (2003),664,Input,donation,0,199877,0.0
Nagy et al. (2003),664,Target,donate,3,199877,0.015009230676866273
Nagy et al. (2003),665,Input,dinner,47,199877,0.2351446139375716
Nagy et al. (2003),665,Target,dine,3,199877,0.015009230676866273
Nagy et al. (2003),666,Input,twelfth,1,199877,0.005003076892288758
Nagy et al. (2003),666,Target,twelve,5,199877,0.025015384461443788
Nagy et al. (2003),667,Input,fortunate,1,199877,0.005003076892288758
Nagy et al. (2003),667,Target,fortune,1,199877,0.005003076892288758
Nagy et al. (2003),668,Input,painful,0,199877,0.0
Nagy et al. (2003),668,Target,pain,5,199877,0.025015384461443788
Nagy et al. (2003),669,Input,decision,1,199877,0.005003076892288758
Nagy et al. (2003),669,Target,decide,8,199877,0.040024615138310064
Nagy et al. (2003),670,Input,musical,6,199877,0.030018461353732546
Nagy et al. (2003),670,Target,music,17,199877,0.08505230716890888
Nagy et al. (2003),671,Input,action,5,199877,0.025015384461443788
Nagy et al. (2003),671,Target,act,21,199877,0.10506461473806392
Nagy et al. (2003),672,Input,fifty,13,199877,0.06503999959975386
Nagy et al. (2003),672,Target,five,79,199877,0.3952430744908118
Nagy et al. (2003),673,Input,permission,0,199877,0.0
Nagy et al. (2003),673,Target,permit,0,199877,0.0
Nagy et al. (2003),674,Input,clarity,0,199877,0.0
Nagy et al. (2003),674,Target,clear,34,199877,0.17010461433781776
Nagy et al. (2003),675,Input,creative,0,199877,0.0
Nagy et al. (2003),675,Target,create,2,199877,0.010006153784577516
Nagy et al. (2003),676,Input,loyalty,0,199877,0.0
Nagy et al. (2003),676,Target,loyal,0,199877,0.0
Nagy et al. (2003),677,Input,ability,0,199877,0.0
Nagy et al. (2003),677,Target,able,11,199877,0.055033845815176334
Nagy et al. (2003),678,Input,criminal,1,199877,0.005003076892288758
Nagy et al. (2003),678,Target,crime,2,199877,0.010006153784577516
Nagy et al. (2003),679,Input,reliable,1,199877,0.005003076892288758
Nagy et al. (2003),679,Target,rely,0,199877,0.0
Nagy et al. (2003),680,Input,education,0,199877,0.0
Nagy et al. (2003),680,Target,educate,0,199877,0.0
Nagy et al. (2003),681,Input,election,0,199877,0.0
Nagy et al. (2003),681,Target,elect,0,199877,0.0
Nagy et al. (2003),682,Input,deadly,0,199877,0.0
Nagy et al. (2003),682,Target,dead,6,199877,0.030018461353732546
James et al. (2021),683,Input,lemon,1,199877,0.005003076892288758
James et al. (2021),683,Target,lemons,1,199877,0.005003076892288758
James et al. (2021),684,Input,ride,75,199877,0.3752307669216568
James et al. (2021),684,Target,rides,14,199877,0.07004307649204261
James et al. (2021),685,Input,call,67,199877,0.33520615178334673
James et al. (2021),685,Target,calls,21,199877,0.10506461473806392
James et al. (2021),686,Input,bend,7,199877,0.035021538246021305
James et al. (2021),686,Target,bent,14,199877,0.07004307649204261
James et al. (2021),687,Input,drop,23,199877,0.11507076852264142
James et al. (2021),687,Target,dropped,15,199877,0.07504615338433136
James et al. (2021),688,Input,elf,0,199877,0.0
James et al. (2021),688,Target,elves,2,199877,0.010006153784577516
James et al. (2021),689,Input,beach,25,199877,0.12507692230721895
James et al. (2021),689,Target,beaches,1,199877,0.005003076892288758
James et al. (2021),690,Input,nod,5,199877,0.025015384461443788
James et al. (2021),690,Target,nodded,11,199877,0.055033845815176334
James et al. (2021),691,Input,think,257,199877,1.2857907613182107
James et al. (2021),691,Target,thought,163,199877,0.8155015334430674
James et al. (2021),692,Input,tooth,3,199877,0.015009230676866273
James et al. (2021),692,Target,teeth,38,199877,0.1901169219069728
James et al. (2021),693,Input,lose,5,199877,0.025015384461443788
James et al. (2021),693,Target,loses,0,199877,0.0
James et al. (2021),694,Input,cross,25,199877,0.12507692230721895
James et al. (2021),694,Target,crosses,1,199877,0.005003076892288758
James et al. (2021),695,Input,danger,7,199877,0.035021538246021305
James et al. (2021),695,Target,dangerous,12,199877,0.06003692270746509
James et al. (2021),696,Input,magic,64,199877,0.3201969211064805
James et al. (2021),696,Target,magician,1,199877,0.005003076892288758
James et al. (2021),697,Input,electric,6,199877,0.030018461353732546
James et al. (2021),697,Target,electricity,1,199877,0.005003076892288758
James et al. (2021),698,Input,please,133,199877,0.6654092266744048
James et al. (2021),698,Target,pleasing,1,199877,0.005003076892288758
James et al. (2021),699,Input,dark,96,199877,0.48029538165972074
James et al. (2021),699,Target,darkness,14,199877,0.07004307649204261
James et al. (2021),700,Input,art,7,199877,0.035021538246021305
James et al. (2021),700,Target,artist,1,199877,0.005003076892288758
James et al. (2021),701,Input,ocean,34,199877,0.17010461433781776
James et al. (2021),701,Target,oceanic,0,199877,0.0
James et al. (2021),702,Input,act,21,199877,0.10506461473806392
James et al. (2021),702,Target,activity,1,199877,0.005003076892288758
James et al. (2021),703,Input,work,118,199877,0.5903630732900734
James et al. (2021),703,Target,worker,3,199877,0.015009230676866273
James et al. (2021),704,Input,wash,15,199877,0.07504615338433136
James et al. (2021),704,Target,washable,0,199877,0.0
Nagy et al. (2006),645,Input,climber,3,199877,0.015009230676866273
Nagy et al. (2006),645,Target,climb,29,199877,0.145089229876374
Nagy et al. (2006),646,Input,personal,2,199877,0.010006153784577516
Nagy et al. (2006),646,Target,person,11,199877,0.055033845815176334
Nagy et al. (2006),647,Input,sunny,23,199877,0.11507076852264142
Nagy et al. (2006),647,Target,sun,155,199877,0.7754769183047574
Nagy et al. (2006),648,Input,flight,3,199877,0.015009230676866273
Nagy et al. (2006),648,Target,fly,89,199877,0.44527384341369947
Nagy et al. (2006),649,Input,relative,0,199877,0.0
Nagy et al. (2006),649,Target,relate,0,199877,0.0
Nagy et al. (2006),650,Input,rainy,8,199877,0.040024615138310064
Nagy et al. (2006),650,Target,rain,65,199877,0.32519999799876925
Nagy et al. (2006),651,Input,depth,2,199877,0.010006153784577516
Nagy et al. (2006),651,Target,deep,66,199877,0.330203074891058
Nagy et al. (2006),652,Input,battle,7,199877,0.035021538246021305
Nagy et al. (2006),652,Target,bat,30,199877,0.15009230676866273
Nagy et al. (2006),653,Input,reasonable,0,199877,0.0
Nagy et al. (2006),653,Target,reason,7,199877,0.035021538246021305
Nagy et al. (2006),654,Input,adorable,2,199877,0.010006153784577516
Nagy et al. (2006),654,Target,adore,1,199877,0.005003076892288758
Nagy et al. (2006),655,Input,national,1,199877,0.005003076892288758
Nagy et al. (2006),655,Target,nation,0,199877,0.0
Nagy et al. (2006),656,Input,imaginary,0,199877,0.0
Nagy et al. (2006),656,Target,imagine,3,199877,0.015009230676866273
Nagy et al. (2006),657,Input,thinker,1,199877,0.005003076892288758
Nagy et al. (2006),657,Target,think,257,199877,1.2857907613182107
Nagy et al. (2006),658,Input,laughter,9,199877,0.045027692030598816
Nagy et al. (2006),658,Target,laugh,24,199877,0.12007384541493019
Nagy et al. (2006),659,Input,global,0,199877,0.0
Nagy et al. (2006),659,Target,globe,2,199877,0.010006153784577516
Nagy et al. (2006),660,Input,movement,2,199877,0.010006153784577516
Nagy et al. (2006),660,Target,move,51,199877,0.25515692150672664
Nagy et al. (2006),661,Input,tension,0,199877,0.0
Nagy et al. (2006),661,Target,tense,0,199877,0.0
Nagy et al. (2006),662,Input,reality,0,199877,0.0
Nagy et al. (2006),662,Target,real,37,199877,0.18511384501468403
Nagy et al. (2006),663,Input,sanity,0,199877,0.0
Nagy et al. (2006),663,Target,sane,0,199877,0.0
Nagy et al. (2006),664,Input,donation,0,199877,0.0
Nagy et al. (2006),664,Target,donate,3,199877,0.015009230676866273
Nagy et al. (2006),665,Input,dinner,47,199877,0.2351446139375716
Nagy et al. (2006),665,Target,dine,3,199877,0.015009230676866273
Nagy et al. (2006),666,Input,twelfth,1,199877,0.005003076892288758
Nagy et al. (2006),666,Target,twelve,5,199877,0.025015384461443788
Nagy et al. (2006),667,Input,fortunate,1,199877,0.005003076892288758
Nagy et al. (2006),667,Target,fortune,1,199877,0.005003076892288758
Nagy et al. (2006),668,Input,painful,0,199877,0.0
Nagy et al. (2006),668,Target,pain,5,199877,0.025015384461443788
Nagy et al. (2006),669,Input,decision,1,199877,0.005003076892288758
Nagy et al. (2006),669,Target,decide,8,199877,0.040024615138310064
Nagy et al. (2006),670,Input,musical,6,199877,0.030018461353732546
Nagy et al. (2006),670,Target,music,17,199877,0.08505230716890888
Nagy et al. (2006),671,Input,action,5,199877,0.025015384461443788
Nagy et al. (2006),671,Target,act,21,199877,0.10506461473806392
Nagy et al. (2006),672,Input,fifty,13,199877,0.06503999959975386
Nagy et al. (2006),672,Target,five,79,199877,0.3952430744908118
Nagy et al. (2006),673,Input,permission,0,199877,0.0
Nagy et al. (2006),673,Target,permit,0,199877,0.0
Nagy et al. (2006),674,Input,clarity,0,199877,0.0
Nagy et al. (2006),674,Target,clear,34,199877,0.17010461433781776
Nagy et al. (2006),675,Input,creative,0,199877,0.0
Nagy et al. (2006),675,Target,create,2,199877,0.010006153784577516
Nagy et al. (2006),676,Input,loyalty,0,199877,0.0
Nagy et al. (2006),676,Target,loyal,0,199877,0.0
Nagy et al. (2006),677,Input,ability,0,199877,0.0
Nagy et al. (2006),677,Target,able,11,199877,0.055033845815176334
Nagy et al. (2006),678,Input,criminal,1,199877,0.005003076892288758
Nagy et al. (2006),678,Target,crime,2,199877,0.010006153784577516
Nagy et al. (2006),679,Input,reliable,1,199877,0.005003076892288758
Nagy et al. (2006),679,Target,rely,0,199877,0.0
Nagy et al. (2006),680,Input,education,0,199877,0.0
Nagy et al. (2006),680,Target,educate,0,199877,0.0
Nagy et al. (2006),681,Input,election,0,199877,0.0
Nagy et al. (2006),681,Target,elect,0,199877,0.0
Nagy et al. (2006),682,Input,deadly,0,199877,0.0
Nagy et al. (2006),682,Target,dead,6,199877,0.030018461353732546
